GEOLOGICAL_GROUP_ID,COUPLING_DEPENDENCY_BLOCK,MINERALIZATION_LABEL,N_RECORDS,P_U,P_U_SD_MEDIAN,P_S_RAW,P_S_CALIBRATED,TASK_A_REFERENCE_COUNT,TASK_B_REPORTED_TYPE_MODE,TASK_A_SHAP::Rb,TASK_B_S_SHAP::Rb,COMMON_VALUE::Rb,TASK_A_IMPUTED_FRACTION::Rb,TASK_A_SHAP::CaO,TASK_B_S_SHAP::CaO,COMMON_VALUE::CaO,TASK_A_IMPUTED_FRACTION::CaO,TASK_A_SHAP::Nb,TASK_B_S_SHAP::Nb,COMMON_VALUE::Nb,TASK_A_IMPUTED_FRACTION::Nb,TASK_A_SHAP::Zr,TASK_B_S_SHAP::Zr,COMMON_VALUE::Zr,TASK_A_IMPUTED_FRACTION::Zr,TASK_A_SHAP::P2O5,TASK_B_S_SHAP::P2O5,COMMON_VALUE::P2O5,TASK_A_IMPUTED_FRACTION::P2O5,TASK_A_SHAP::Ba,TASK_B_S_SHAP::Ba,COMMON_VALUE::Ba,TASK_A_IMPUTED_FRACTION::Ba,SHAP_VECTOR_COSINE,TASK_A_SIGNED_SHARE::Rb,TASK_B_S_SIGNED_SHARE::Rb,TASK_A_SIGNED_SHARE::CaO,TASK_B_S_SIGNED_SHARE::CaO,TASK_A_SIGNED_SHARE::Nb,TASK_B_S_SIGNED_SHARE::Nb,TASK_A_SIGNED_SHARE::Zr,TASK_B_S_SIGNED_SHARE::Zr,TASK_A_SIGNED_SHARE::P2O5,TASK_B_S_SIGNED_SHARE::P2O5,TASK_A_SIGNED_SHARE::Ba,TASK_B_S_SIGNED_SHARE::Ba
GG0001,CCB0001,1,7,0.3021931052207947,0.1966994296906484,0.6244234442710876,0.4908282532585865,1,S,0.24967672,0.30217358,414.09,0.0,0.5426409,0.0028099045,0.55,0.0,0.055171132,-0.025742302,23.65,0.0,-0.35681602,-0.07697864,140.07,0.0,0.40069604,0.17982072,0.18,0.0,-0.45293936,-0.0043907594,278.96,0.0,0.5312178609588291,0.12132360473694082,0.5105008616731616,0.26368157217740534,0.0047471346385388625,0.02680890958379134,-0.04348979600549707,-0.17338503074811448,-0.13004996019317142,0.19470733185143344,0.3037943704631236,-0.22009355090231458,-0.007417877026507526
GG0002,CCB0002,0,35,0.0044327550567686,0.0031416573462785,0.2710093259811401,0.3293901137052019,2,I,-0.89540786,-0.15784231,168.0,0.0,-0.30832872,-0.04533722,3.57,0.0,-0.0010117441,-0.0020534815,16.4,0.0,-0.35242978,-0.02312652,134.0,0.0,-0.0011460012,0.29678392,0.16,0.0,-0.6079588,-0.34206358,602.0,0.0,0.6524741985391035,-0.4133383769078852,-0.18201225804982418,-0.14233077279317807,-0.05227958071509248,-0.0004670415380764349,-0.0023679253343323473,-0.16268871398917925,-0.026667818825221325,-0.0005290173306525238,0.3422296051805018,-0.2806460774410285,-0.39444281189502783
GG0003,CCB0003,1,25,0.4601953327655792,0.199526084852037,0.536250650882721,0.4425518440001846,2,S,0.28615567,0.31416544,419.0,0.0,-0.11672038,0.0045112604,0.82,0.0,0.25893596,0.08090419,19.8,0.0,-0.25822067,-0.024650788,106.0,0.0,-0.36196265,-0.11372034,0.04,0.0,0.109184206,0.19069913,6.33,0.0,0.7434939199365562,0.20569284020865583,0.43116028937833484,-0.08390029969503518,0.006191248596678942,0.1861269184166608,0.11103281752544068,-0.18561275760456555,-0.033830713166553214,-0.2601839954034516,-0.15606966413174736,0.07848318867163094,0.26171526720124494
GG0004,CCB0004,0,34,0.0024644802324473502,0.00223491407217085,0.26197871565818787,0.32838915587550377,4,I,-0.39325652499999997,-0.148466685,215.0,0.0,-0.38200726500000004,-0.034437459000000004,1.225,0.0,0.208853735,0.38344097,10.5,0.0,-0.18139165499999998,-0.07389113,163.5,0.0,0.0819063625,-0.13347647499999998,0.09,0.0,-0.253025155,-0.13282127999999999,492.5,0.0,0.6103671733918965,-0.26209401388221143,-0.16377398438864288,-0.25459670991095606,-0.037988050131586966,0.13919492809545045,0.4229747261801265,-0.1208922520578325,-0.0815094967000791,0.0545882037433872,-0.1472382449497076,-0.16863389231016243,-0.14651549764985705
GG0005,CCB0005,0,55,0.1952438503503799,0.218293441308557,0.798623263835907,0.6901139589466854,2,S,0.5152363,0.665801,458.0,0.0,0.33058748,0.03750204,0.73,0.0,0.22039598,0.10796779,11.9,0.0,-0.061585378,-0.004290164,86.0,0.0,0.48963115,0.24375789,0.22,0.0,0.36244237,0.046816725,142.0,0.0,0.8021938997523788,0.26023630181481555,0.6019162520243935,0.1669736065208901,0.03390365493603777,0.11131792299970333,0.09760809535605501,-0.031105632535183378,-0.0038785154054289195,0.24730361531075204,0.2203689023449565,0.18306292081865555,0.04232457993312825
GG0006,CCB0006,0,10,0.6913545429706573,0.15314329052044456,0.0648476015776395,0.1659927966391063,1,S,0.31594689,0.27552466,444.5543658966093,1.0,-0.33351552500000003,0.0039032969000000004,0.98,0.0,-0.047386576,-0.122105662,29.34491217706762,1.0,-0.33089267499999997,-0.101328167,140.47553575044776,1.0,-0.189151525,-0.143701195,0.05,0.0,0.0905118715,-0.00486797,200.2286784615555,1.0,0.7183007057621243,0.24165952776399016,0.4229529770105984,-0.2550973180127181,0.005991881249436041,-0.03624475486532699,-0.18744221752328777,-0.25309116852222685,-0.15554705661437737,-0.14467706331066774,-0.22059313393302266,0.0692301675250703,-0.007472733669277672
GG0007,CCB0007,0,11,0.2343038916587829,0.1044100835827614,0.2792059779167175,0.2883934868781014,1,I,0.068972565,0.2837072,322.0,0.0,0.16868414,0.014573684,0.75,0.0,-0.4541198,-0.3868097,39.1,0.0,0.04794541,-0.04777316,97.0,0.0,-0.81237507,-0.08786552,0.02,0.0,0.15186892,0.19605699,146.0,0.0,0.584068753662753,0.04047766730402977,0.27902344163673165,0.09899502067795189,0.014333085191373959,-0.26650756254421654,-0.38042380930928676,0.028137540698034095,-0.04698446680613761,-0.47675547240483074,-0.08641493691947572,0.08912673637093695,0.19282026013699435
GG0008,CCB0008,0,45,0.03331233933568,0.0237522932298073,0.4424419403076172,0.4153198652806943,2,I,-0.00918216,-0.34190133,239.0,0.0,-0.40720952,0.07451123,1.54,0.0,0.19910313,0.12625042,11.4,0.0,-0.17227066,-0.09019595,170.0,0.0,0.10741641,-0.07697434,0.09,0.0,-0.27729782,-0.035258595,658.0,0.0,0.0671721905611892,-0.007831402112974749,-0.45887137688719765,-0.34730624334050303,0.10000274261483179,0.16981371191330646,0.16944275723638452,-0.14692847987048305,-0.12105346231367053,0.09161472902260057,-0.103308522902743,-0.2365054337401321,-0.04732113804517245
GG0009,CCB0009,0,55,0.0001209818874485,0.0001756082546126,0.3245172202587127,0.3417535496080853,5,I,-0.7123952,-0.33246118,85.2,0.0,-0.43255553,0.031472493,2.88,0.0,0.7950439,0.32455105,9.1,0.0,-0.42601326,-0.03546589,124.0,0.0,0.41047958,0.12994505,0.22,0.0,-0.72379285,-0.36566278,1122.0,0.0,0.9041009556720159,-0.20352518509146145,-0.2726078294224068,-0.1235773967954658,0.02580646559469557,0.227137208256509,0.26612176879497035,-0.12170832649197649,-0.029080926956445992,0.11727048763911571,0.10655090024250688,-0.2067813957254715,-0.2998321089889745
GG0010,CCB0010,1,15,0.947985827922821,0.0203538886500896,0.9649322628974916,0.804169721727208,2,S,0.7639486,0.13872781,500.0,0.0,-0.29021823,0.11905642,0.8,0.0,0.22127582,0.12509839,19.95,0.0,0.019459419,0.0805606,88.2,0.0,0.16889812,0.31155217,0.12,0.0,0.1521811,0.52334857,137.0,0.0,0.4067728544393711,0.4727459440280685,0.1068498135116676,-0.1795925682899414,0.09169867436361008,0.13692969188828277,0.09635227170464135,0.012041859105956518,0.06204873475900793,0.1045173735300595,0.23996119641516261,0.09417256315769139,0.40308930924591047
GG0012,CCB0011,1,28,0.019368313252925852,0.0160126843066709,0.24401030689477915,0.2760584638406626,3,S,-0.487131985,-0.30713239000000003,253.04500000000002,0.0,-0.65203538,0.017033115,2.67,0.0,0.044454617,0.07181350249999999,13.227744638298741,0.0,-0.42258162499999996,-0.070368405,162.9,0.0,0.14686432,-0.023552784,0.13,0.0,-0.490272585,-0.0060391795,487.6086011911526,0.0,0.5010888573591603,-0.21714580661930294,-0.6192942219615166,-0.2906537712452278,0.03434515552562215,0.019816259173408984,0.14480298596012264,-0.18837159260466296,-0.14188912678714183,0.06546679793566712,-0.047491256270000226,-0.21854577242173037,-0.012177253495596608
GG0013,CCB0012,1,16,0.3863479793071747,0.18423418913104905,0.12250564619898795,0.20290523100829244,2,I,0.11177713249999999,0.07861327,305.0,0.0,-0.038842115,0.0029789584,0.8,0.0,-0.293852875,-0.173066345,34.3,0.0,-0.187985835,-0.099194805,163.5,0.5,0.22288734,-0.053706855,0.07,0.0,-0.331387655,-0.039112312499999996,335.5,0.0,0.6490743112202566,0.09418895149454443,0.17599754164788037,-0.03273029110565631,0.006669222067359659,-0.24761499575870255,-0.38745686653136213,-0.15840618110753946,-0.22207499858790852,0.1878159189314329,-0.12023764498842462,-0.27924366160212444,-0.08756372617706479
GG0014,CCB0013,1,15,0.1401960849761963,0.0524385071479452,0.036170907318592,0.1194254652609392,1,A,0.22633678,0.23758706,416.0,0.0,0.6975622,0.001820104,0.37,0.0,-0.8929815,-0.15127504,83.8,0.0,0.2240356,-0.12780572,776.0,0.0,-0.29267365,-0.18669175,0.03,0.0,-0.03174674,0.13560033,46.0,0.0,0.4524397957493462,0.0956890416524969,0.28257934164666454,0.29491034736381505,0.0021647803127344593,-0.3775283184129825,-0.1799222618048847,0.0947161652650627,-0.15200851517872208,-0.12373446810296719,-0.22204589680037157,-0.01342165920267572,0.16127920425662262
GG0015,CCB0002,0,27,0.041413839906454,0.0183301045991602,0.123871311545372,0.2226311226483008,2,I,0.19208096,0.07314605,542.0,0.0,-0.317659,0.06495508,0.95,0.0,-1.0048422,-0.5316697,39.55234043964239,0.0,-0.26106495,0.074364506,92.34238391421746,1.0,-0.94386053,-0.3753676,0.01,0.0,0.8361783,0.2556977,11.8,0.0,0.9050899969020088,0.0540207890239035,0.05318936603516813,-0.08933831765805504,0.047233166055632915,-0.28260150557616454,-0.3866124593618935,-0.0734218247632973,0.05407538656781133,-0.2654510398069634,-0.27295478941299733,0.23516652317161624,0.1859348325664969
GG0016,CCB0014,1,7,0.4282256364822387,0.0920880571861312,0.0693092495203018,0.1631734995344611,1,A,0.35396847,0.11676137,400.0,0.0,-0.31469673,0.02820444,0.98,0.0,-0.5798111,-0.29127952,31.1,0.0,-0.33129138,-0.050924018,211.0,0.0,0.37494016,0.3750568,0.13,0.0,-0.28428304,0.20890866,312.0,0.0,0.5927927924957779,0.1580928592259384,0.10900716616427986,-0.14055293070242428,0.026331363512182678,-0.2589609029582112,-0.271935444375924,-0.1479645955502954,-0.047542118526690616,0.1674594404779353,0.3501490169106707,-0.1269692710851953,0.19503489051025216
GG0018,CCB0015,0,15,0.0003619697818066,0.0003343623850233,0.2666277587413788,0.2974299531971141,2,S,-0.5238293,-0.33022583,56.8,0.0,-0.39467636,-0.039896637,3.88,0.0,0.9331448,0.32542264,5.17,0.0,-0.12789057,-0.024488293,105.0,0.0,0.14401448,0.11826749,0.2,0.0,0.15379496,0.10569375,169.6,0.0,0.9206414674795823,-0.2300169898750806,-0.3498174841331726,-0.1733050600683346,-0.04226362662398167,0.4097501953662846,0.3447293302428073,-0.05615761459851193,-0.02594113564034643,0.06323773257438062,0.12528406940954664,0.06753240751740772,0.1119643539501453
GG0019,CCB0016,0,5,0.0004378679150249,0.0011360536270334,0.1447175294160843,0.2302009811237882,1,I,-0.99166346,-0.19059853,155.5,0.0,-0.7161687,-0.0062359385,0.11,0.0,-0.10207798,0.16907653,15.1,0.0,-0.3298947,-0.05799202,169.0,0.0,0.09049046,-0.017195504,0.06,0.0,0.062239546,0.10089589,228.0,0.0,0.5586871455915887,-0.4325620008482088,-0.35166142971999736,-0.31239163114557084,-0.011505540197796782,-0.04452625013665769,0.3119525332745013,-0.14389953573687142,-0.10699744990452278,0.039471792613267005,-0.03172634920844318,0.02714878951942439,0.18615669769473872
GG0020,CCB0017,1,9,0.3685188293457031,0.1544044339934661,0.8439766764640808,0.7809349771114525,2,S,0.41928685,0.527066,438.0,0.0,0.124558814,0.016906597,0.61,0.0,0.19043191,0.24705832,23.0,0.0,0.07364332,-0.029629353,83.5,0.0,0.42168322,0.15427352,0.22,0.0,0.08476623,0.15700436,166.0,0.0,0.8594620234494394,0.319002062024613,0.46563144814935337,0.0947669084049267,0.01493597242923564,0.14488451513632142,0.21826132461389341,0.05602935301772146,-0.026175770292749652,0.32082526962431224,0.13629147493615265,0.06449189179210513,0.13870400957861523
GG0023,CCB0018,0,38,0.023436529561877202,0.04921319594681335,0.5203145444393158,0.4834369541179544,4,S,-0.6669590000000001,-0.3477324,194.5,0.0,-0.410654775,0.037853085,1.025,0.0,0.33834817,0.17886722,10.14,0.0,0.619953395,0.322208345,57.41117181789441,0.0,0.067152465,-0.10318337,0.065,0.0,0.17802392,0.020655172,162.69,0.0,0.8513292265493048,-0.29238587501342156,-0.344119287877951,-0.18002554237489074,0.037459772670546516,0.14832729709718273,0.17700870086051454,0.271779248596415,0.31886044047012346,0.02943873947024204,-0.10211124360355012,0.07804329744784815,0.02044055451731444
GG0024,CCB0019,0,20,0.18532703816890717,0.1266447633347841,0.5768645107746124,0.5172473622720443,2,S,0.172827475,0.26564217,326.0,0.0,-0.29341235,0.0480964,1.395,0.0,0.08180464,0.12138565800000001,12.0,0.0,-0.32795924,-0.053631865,139.0,0.0,0.12436236,-0.03221198,0.13,0.0,-0.088663995,0.0009985142,423.0,0.0,0.3625090533944342,0.15869853491463767,0.5089256218965887,-0.2694253912513672,0.09214459541942113,0.07511697151867414,0.23255446033653704,-0.3011480142246945,-0.10274961331854385,0.1141955255119404,-0.06171272412817769,-0.08141556257868582,0.0019129849007315921
GG0025,CCB0020,1,12,0.8724840879440308,0.055871002119345495,0.6225754618644714,0.5844351897081179,1,S,0.8066879499999999,0.48130987000000003,492.5,0.0,-0.245007955,0.018973311,0.855,0.0,-0.2498318,0.0671223265,26.6,0.0,-0.051373260000000004,-0.00323748215,88.6,0.0,0.14192549999999998,0.056699917,0.065,0.0,0.31987419500000003,0.223949585,160.5,0.0,0.8753440766428491,0.444529485099763,0.5653871903264542,-0.1350128758976701,0.02228765223011115,-0.13767108014387344,0.07884754906025489,-0.028309495407358266,-0.003803019739696068,0.07820876639786972,0.06660450732991027,0.17626829705346558,0.2630700813135734
GG0026,CCB0021,1,8,0.0741069503128528,0.02835785252056225,0.03083820361644025,0.10742469734894165,1,A,-0.17245557,-0.12663965,247.0,0.0,0.804477455,-0.03601655,0.535,0.0,-0.8056738349999999,-0.44584394,49.9,0.0,0.0632502465,-0.066640325,477.5,0.0,-0.618303185,-0.343670695,0.03,0.0,-0.9818015250000001,-0.3130455,735.5,0.0,0.8026594832989133,-0.05004569962854666,-0.09508504466238883,0.23345512743292468,-0.027042362051183502,-0.233802310618261,-0.3347536963925233,0.018354888959344916,-0.050035658491958145,-0.17942833319842158,-0.25803880051176087,-0.28491364016250126,-0.23504443789018561
GG0028,CCB0022,1,5,0.296868085861206,0.191574763906069,0.7069460153579712,0.5456232856203382,1,S,0.07263689,0.020456659,317.33,0.0,-0.39957547,0.16345361,1.11,0.0,0.18357301,0.0821423,19.97,0.0,-0.15453283,-0.023193225,146.32,0.0,-0.046948016,0.49657527,0.17,0.0,-0.2417515,-0.10603069,420.58,0.0,-0.14893061803694202,0.06609255605484707,0.022937286279082654,-0.36357509454378983,0.183274416703115,0.16703371322178032,0.09210308734785536,-0.1406099535523775,-0.026005695336671394,-0.04271816124208866,0.5567912691462846,-0.21997052138511658,-0.11888824518699102
GG0029,CCB0023,0,7,0.0011347234249114,0.0006214767950325,0.2982625365257263,0.3287007703637272,1,I,-0.90723616,-0.3999493,141.0,0.0,-0.5910979,-0.00027497113,5.08,0.0,0.87448597,0.1708179,4.18,0.0,-0.012245194,-0.03381666,83.6,0.0,0.23768365,0.119006835,0.21,0.0,-0.456333,-0.056465495,1200.0,0.0,0.8383162585555135,-0.2946450263829522,-0.5125379068815247,-0.19197212811756495,-0.00035237748240351375,0.28400867719180367,0.21890436843844358,-0.003976897822496811,-0.04333629321047488,0.07719302692371344,0.15250811569240147,-0.14820424356146888,-0.07236093829475186
GG0030,CCB0024,0,49,0.0047688586637377,0.0027748133306981,0.1891201138496399,0.2650827226709589,1,I,-0.8214998,-0.29075164,190.0,0.0,-0.59144586,0.0028161542,3.92,0.0,0.057326183,0.047124587,16.8,0.0,-0.43490458,-0.043977983,133.0,0.0,0.13475043,0.08732546,0.16,0.0,-0.4423236,-0.216839,660.0,0.0,0.809671862063753,-0.33094960220760605,-0.42209195845705616,-0.2382700179529386,0.004088286627016323,0.023094439535993105,0.0684120275927246,-0.17520576115693026,-0.06384401812303148,0.054285589851396025,0.12677271376547805,-0.17819458929513585,-0.31479099543469335
GG0032,CCB0025,0,23,0.0367165729403495,0.0880828434547118,0.1019124686717987,0.2077932396878012,2,A,-0.68097097,0.066855855,1400.0,0.0,0.3607887,0.010334114,0.51,0.0,-0.57798606,-0.6360904,65.2,0.0,0.029526046,0.06739994,82.0,0.0,-0.9923694,-0.38256255,0.011,0.0,0.70865583,0.20744611,12.2,0.0,0.7079060820637503,-0.2032568959648827,0.04877536517184885,0.10768857189493009,0.007539357384293651,-0.1725178570630881,-0.464066184514541,0.008812963730416205,0.04917230788628314,-0.29620341068949396,-0.27910237745555244,0.21152030065718896,0.1513444075874809
GG0034,CCB0026,1,75,0.617395281791687,0.1264766129426534,0.7173031568527222,0.5516664633827498,6,S,0.22485878,0.31685433,399.0,0.0,-0.36275277,0.004499236,1.03,0.0,0.3324524,0.07313139,18.22,0.0,-0.14430486,0.013438119,98.18,0.0,0.12489009,0.07226076,0.13,0.0,0.08821886,0.03865783,194.0,0.0,0.536011696541612,0.17601776488069742,0.6106956155882354,-0.2839601450282782,0.008671693704475333,0.26024124286907346,0.14095126689565302,-0.1129607610546582,0.02590023104640218,0.09776302485297278,0.13927324051741294,0.06905706131431986,0.0745079522478211
GG0035,CCB0027,1,66,0.1951833888888359,0.1768283675570825,0.3393076807260513,0.3394852901525766,3,S,0.173209,0.21982817,581.5201296742073,1.0,0.30128612,0.008395664,0.5269381745160866,1.0,0.085264443,0.18590418,21.691267978600642,1.0,0.16635803,0.12740332,12.75,0.0,0.074894057,0.16529123,0.1591310628236992,1.0,0.4345669,0.0856788525,2.04,0.0,0.5878324409417715,0.1401845313679167,0.27738520767678654,0.24384214180474403,0.010593878856492872,0.06900770736105771,0.23457898765787255,0.13463978473889823,0.1607609997249765,0.060614565540976745,0.20856900260190264,0.35171126918640666,0.10811192348196895
GG0037,CCB0028,0,6,0.0035944795235991,0.0127685661444457,0.06972758471965784,0.16635518061172477,1,A,-0.868229865,-0.18144262,187.75,0.0,-0.29638096999999997,0.067052398,0.795,0.0,0.0929334622,0.045617904,16.96,0.0,-0.600657405,-0.07493877800000001,192.75,0.0,-0.280185695,-0.43252521499999996,0.04,0.0,-0.44869576,-0.09757025,441.65,0.0,0.5861612590541573,-0.33560183892182466,-0.2017941301077227,-0.11456182580569736,0.07457332971738836,0.035922100896278064,0.05073463585908098,-0.23217553070466102,-0.08334428547077721,-0.1083017738414118,-0.4810394024875783,-0.17343692983012707,-0.10851421635745247
GG0038,CCB0029,1,222,0.631862223148346,0.12886942547752173,0.6577994227409363,0.5206801358308975,11,S,0.32450504999999996,0.10496597,404.0,0.0,-0.20346157999999998,0.079121637,0.83,0.0,0.22456915,0.097221795,20.45,0.0,-0.236961875,0.0062565748,116.0,0.0,0.09434727500000001,-0.103550465,0.09,0.0,0.1110631825,0.36548862,205.5,0.0,0.31903003567338606,0.2715732252591933,0.13873284134563005,-0.17027382931923982,0.10457455414290488,0.18793842610219957,0.12849741550592414,-0.198309704755645,0.008269274309525907,0.07895776588427841,-0.13686197757340987,0.09294704867944396,0.48306393712260515
GG0039,CCB0030,0,90,0.1836517080664634,0.11922323916518315,0.8556995093822479,0.6531469404141079,4,I,-0.10317290500000001,-0.0493343665,260.095,0.0,-0.26774689,0.12812792,1.29,0.0,-0.8306005000000001,-0.461928875,38.6,0.0,0.9513161750000001,0.14766982,30.82,0.0,0.10651520249999999,0.39257926,0.16,0.0,0.13002328000000002,0.4192264,86.338196429371,0.0,0.592501694410191,-0.043179872163659504,-0.030855835764836675,-0.112057293360281,0.08013671476677689,-0.3476225023330657,-0.2889101961415836,0.39814436574914247,0.09235905995353147,0.04457868882761713,0.2455359626689666,0.054417277566234136,0.2622022307043048
GG0040,CCB0031,0,33,0.0002865968563128,0.0164142363886954,0.5753836631774902,0.4703617242726777,4,S,-0.86770886,-0.09986551,107.0,0.0,-0.23765509,-0.05429691,2.65,0.0,0.114603795,0.3489957,10.9,0.0,-0.13539179,-0.02312652,151.0,0.0,0.009210341,0.2924652,0.18,0.0,-0.24704437,-0.34291875,606.0,0.0,0.41649050496256396,-0.538409772781321,-0.08596729812587943,-0.1474640042366565,-0.04674044772098038,0.07111118264463391,0.30042621708485723,-0.08401004789827354,-0.0199080186888758,0.005714978645082043,0.25176302649277965,-0.15329001379403293,-0.29519499188662746
GG0041,CCB0032,1,21,0.832001268863678,0.0791661993092521,0.8246386051177979,0.6800624041912717,1,S,0.3666443,0.5450991,429.0,0.0,0.7280634,-0.059345633,0.51,0.0,-0.029848315,0.041034125,25.5,0.0,0.36971354,-0.025056288,72.0,0.0,-0.32461542,-0.10600991,0.04,0.0,0.62624663,0.036186654,17.9,0.0,0.3173794851085029,0.1499486977511789,0.6706999287624694,0.2977604144133583,-0.07301995513377964,-0.012207242726307159,0.05048913989094876,0.15120394306955923,-0.03082971624178414,-0.13275989698722165,-0.13043653729223878,0.25611980505237464,0.044524722678779195
GG0045,CCB0033,1,11,0.6503052711486816,0.1828126689116079,0.4756868481636047,0.4228299750010968,1,S,0.49874225,0.2174395,512.0,0.0,0.3892757,0.030489888,0.66,0.0,0.0024353415,-0.14572512,30.5,0.0,0.31412536,0.014301255,69.3,0.0,-1.2428033,-0.28913137,0.01,0.0,0.24915761,0.08865522,26.7,0.0,0.8685581256154455,0.1849564000917403,0.27673129642281097,0.1443612048411625,0.03880392584616092,0.0009031358318530643,-0.18546170948226842,0.11649202722071764,0.01820094709849502,-0.4608882130802737,-0.36797223529581075,0.0923990189342527,0.11282988585445387
GG0046,CCB0034,1,18,0.736845463514328,0.109492967403004,0.8476406335830688,0.7871870565030188,2,S,0.31689668000000004,0.55009825,470.5,0.0,0.019541304999999995,0.017190492,0.8373699665544108,0.0,0.14939312500000002,0.14892992,24.59,0.0,0.31721619,0.109361295,61.400000000000006,0.0,0.18192312,0.06049221,0.089,0.0,0.06064466,0.18290423,140.5,0.0,0.8125797392425708,0.3030720253192983,0.5146028027782543,0.018688813286816784,0.016081264327485426,0.14287583247173521,0.13932012008680486,0.3033775966582273,0.10230468634004833,0.17398670264013408,0.056588910821386444,0.05799902962378852,0.17110221564602046
GG0047,CCB0035,1,15,0.940498948097229,0.031222893100772,0.5889294147491455,0.4801717930576994,2,S,0.43832314,0.1416733,398.27,0.0,-0.35543203,0.05845099,1.55,0.0,0.16855867,0.08021262,14.2,0.0,-0.33797273,-0.03426814,175.0,0.0,0.24651329,-0.12693729,0.09,0.0,-0.46017113,-0.16238943,428.08,0.0,0.47285434501594464,0.21840033671836978,0.23458494326271329,-0.17709873823338124,0.09678409532917932,0.08398660012519663,0.13281735451671967,-0.16839940969948947,-0.05674174087579464,0.12282852678403687,-0.2101848193877928,-0.22928638843952595,-0.2688870466278004
GG0050,CCB0036,1,6,0.8307502269744873,0.15106914977679725,0.1857679784297943,0.2126383698693739,1,A,0.64258175,0.38668075,508.5,0.0,-0.2270827,0.006591223,0.845,0.0,-0.53670847,-0.5279874,36.75,0.0,-0.36656647,-0.020212029,151.5,0.0,0.208336725,0.0675504035,0.0925,0.0,0.045256964999999996,0.12284335999999998,172.5,0.0,0.8620639012442767,0.3170842639292125,0.3416314608720945,-0.1120547708996687,0.005823328785887969,-0.26484071506002754,-0.4664755273802973,-0.18088353632993742,-0.01785727630470133,0.10280450245598753,0.05968060998693222,0.022332211325166225,0.10853179667008665
GG0051,CCB0037,1,5,0.7259125113487244,0.1137346233060095,0.5875312685966492,0.4803482405774569,1,S,0.40243587,0.2998301,379.7,0.0,0.355824,-0.044597257,0.29,0.0,0.13523278,0.06843088,20.54,0.0,-0.18374844,0.00067710644,114.5,0.0,0.23026943,0.17477424,0.4,0.0,0.1300304,0.20849979,106.7,0.0,0.6850025938444297,0.2799474188185196,0.3762883695827623,0.24752269312792846,-0.05596979464167685,0.09407229952104598,0.08588111822099802,-0.12782136316509168,0.0008497721821177676,0.16018286978571714,0.21934260040825254,0.0904533555816971,0.2616683449641925
GG0053,CCB0038,1,6,0.48823483288288116,0.09709188628512194,0.3431438207626343,0.3576882331600339,1,A,-0.079906675,-0.10718560669999999,252.0,0.0,-0.5399709349999999,0.0348078815,1.815,0.0,0.17912603,0.22233621,17.72,0.0,-0.16610087,-0.031236846,338.5,0.0,0.009152674999999999,0.0515479625,0.1,0.0,-0.52937115,-0.08034559990000001,613.5,0.0,0.362400952819783,-0.05314257063398582,-0.20321083122459596,-0.3591119709778547,0.06599149597183962,0.11912919291987138,0.42152232409229184,-0.11046670652159532,-0.05922124841128222,0.006087059406206255,0.09772864687772768,-0.3520624995404865,-0.1523254534222627
GG0055,CCB0039,0,5,0.0604512766003608,0.0918935329211254,0.1157994791865348,0.1429629819916082,1,I,-0.6487851,-0.35350236,159.0,0.0,-0.4349581,-0.004413301,3.44,0.0,0.3385158,0.17752843,21.1,0.0,-0.38736597,0.0035296446,211.0,0.0,-0.10703021,0.11206661,0.2,0.0,-0.38293922,-0.31876647,764.0,0.0,0.7566326610450618,-0.28213023131383513,-0.36450801779661157,-0.18914557280188193,-0.004550701159250545,0.14720674219766752,0.18305545717387717,-0.16844969269363327,0.003639533712511888,-0.046543081684317894,0.11555560158717448,-0.16652467930866416,-0.3286906885705743
GG0056,CCB0040,1,8,0.022383986972272348,0.0207186480745263,0.46752338111400604,0.4313701746998808,1,S,-1.3921997,-0.32301666,158.5,0.0,-0.21676433499999997,0.0028099045,1.7,0.0,0.9067558,0.148842105,7.77,0.0,0.185847885,0.17323415,48.2,0.0,0.0311582865,0.0501719225,0.1185,0.0,-0.429820125,-0.21533193499999997,659.0,0.0,0.9008116049803631,-0.44021482758250796,-0.35363947750077596,-0.06854108240223152,0.0030762907374718043,0.2867170192296688,0.16295272275527717,0.05876527243314933,0.18965719691142569,0.009852278893152962,0.05492835093431225,-0.13590951945928953,-0.23574596116073715
GG0058,CCB0041,1,7,0.5247225761413574,0.1379533174961667,0.5841372609138489,0.5167698350637104,1,S,0.471639,0.5096391,446.0,0.0,0.24899195,-0.07243437,0.39,0.0,0.13738604,0.07304112,22.2,0.0,-0.1091953,-0.043405898,85.9,0.0,0.16790754,-0.1728872,0.07,0.0,0.11153493,0.02409992,149.0,0.0,0.6421921985533612,0.3783236667704217,0.5691063877594661,0.19972807066488882,-0.08088638148119451,0.11020375841664455,0.081563930163729,-0.0875906493951862,-0.04847071941347481,0.13468647887727955,-0.19306055968203453,0.08946737587557922,0.02691202150010098
GG0059,CCB0042,1,15,0.6238367557525635,0.1692043628443843,0.7129395008087158,0.5646082655544137,1,S,0.18240969,0.24905154,314.1,0.0,-0.36451706,0.007223676,0.97,0.0,0.10024408,0.12029448,12.2,0.0,-0.2188267,-0.0057903607,112.5,0.0,0.12346622,0.04634644,0.09,0.0,-0.23093557,-0.021576386,288.5,0.0,0.43895628810622883,0.1494672170089377,0.55310017228865,-0.29868671182150447,0.0160425285471328,0.08214039319523711,0.267153126671586,-0.17930745815230378,-0.0128593844502364,0.10116870599370704,0.10292738582931704,-0.1892295138283099,-0.047917402213077734
GG0062,CCB0043,1,7,0.0286229774355888,0.0167424663437285,0.929920256137848,0.7534154147619906,1,I,-0.31999946,-0.10577534,249.0,0.0,-0.31161103,0.13339587,0.89,0.0,0.16673112,0.06837374,19.5,0.0,-0.053039208,0.058098078,83.9,0.0,-0.020482315,0.43520325,0.13,0.0,0.22401704,0.54890686,199.0,0.0,0.29787262542862025,-0.2920022351750314,-0.07836643384784632,-0.28434772129051017,0.0988298276510471,0.15214356834613527,0.05065647789588617,-0.04839872944758533,0.0430434842967559,-0.01869028704473149,0.3224317378842056,0.20441745869600655,0.40667203842425886
GG0064,CCB0044,1,5,0.96110862493515,0.0389988244664587,0.2463440299034118,0.295964008703866,1,A,-0.23979539,-0.14728446,245.0,0.0,-0.6693871,-0.019761711,1.99,0.0,1.0399923,0.4186117,2.79,0.0,-0.4436898,-0.06815444,267.0,0.0,0.68139,0.34591776,0.29,0.0,-0.39709187,-0.30866474,625.0,0.0,0.8710826871547864,-0.06907849526491804,-0.11256882002415707,-0.19283212082495504,-0.015103782767906438,0.299593345689845,0.31994295336593165,-0.1278148998126796,-0.05209011792695041,0.1962898281262309,0.2643833169405622,-0.11439131028137133,-0.23591100897449216
GG0067,CCB0045,0,5,0.2088112980127334,0.1447910466105381,0.3503455221652984,0.3680405418445491,1,S,0.1351493,-0.19919601,264.0,0.0,-0.41054252,0.023649318,1.86,0.0,0.22667746,0.20211464,18.2,0.0,-0.3112296,-0.009417047,208.0,0.0,0.04966497,0.07572541,0.14,0.0,-0.17691638,-0.3188899,899.0,0.0,0.27410357902945665,0.10315321274539457,-0.2402869170109627,-0.31334812615818514,0.028527788842918417,0.1730124259316598,0.2438076130560075,-0.23754716555294075,-0.01135963110394297,0.03790697559220536,0.09134633423777477,-0.13503209401961438,-0.3846717157483937
GG0070,CCB0046,0,14,0.00170519063249225,0.0041853042235254,0.4223237186670303,0.4230820775467593,1,S,-0.10933543,-0.25360474,233.0,0.0,-0.39590886999999997,0.044734124,1.63,0.0,0.0981586055,0.21158258,14.45,0.0,-0.17359041,-0.035287842,236.5,0.0,-0.13786859499999998,0.13017861,0.181,0.0,-0.249807205,0.030370332,511.0,0.0,0.05856416243133489,-0.09387681749684038,-0.359336568726479,-0.3399324878895185,0.06338448809412961,0.08428025109763461,0.2997947053335665,-0.14904697625254407,-0.049999901666041936,-0.11837576283699436,0.18445213223925747,-0.21448770442646808,0.043032203940525655
GG0073,CCB0047,0,5,0.0163793843239545,0.0134799928093587,0.1618107855319976,0.2131635724366941,1,A,0.06292229,0.28355327,375.0,0.0,0.47468567,-0.06688845,0.35,0.0,-0.7110527,-0.36263275,63.0,0.0,-0.2732236,-0.078995086,163.0,0.0,-0.69215685,-0.16082585,0.022,0.0,0.19804753,0.034478147,104.0,0.0,0.6663462480853107,0.026086226250789855,0.2871793245205546,0.1967944552817097,-0.06774381367291898,-0.2947871351858777,-0.36727006602333007,-0.11327262003107812,-0.08000526827965383,-0.28695332274356217,-0.16288247696259694,0.08210624050698236,0.034919050540945566
GG0074,CCB0048,0,8,0.0080955410376191,0.07105714244584765,0.1040852181613445,0.2050348814705265,1,S,0.008731847,0.07020573999999999,1051.0,0.0,0.436225175,-0.06792819,0.265,0.0,-0.54814552,-0.6379607,85.7,0.0,0.6539759,0.1857247,52.0,0.0,-1.0690372,-0.380889205,0.01,0.0,0.168778735,0.19020672,81.55,0.0,0.7667803742985466,0.0030267475543004946,0.045798839675582716,0.1512101026913957,-0.04431307587189483,-0.19000540344565967,-0.41617480021751113,0.22668972050202724,0.1211578392179286,-0.3705637227216932,-0.24847375206009029,0.05850430308492365,0.1240816929569926
GG0076,CCB0049,0,6,0.8004149198532104,0.07162615736012175,0.3004548102617264,0.32360531975291934,1,S,0.24044858000000002,0.318554625,374.0,0.0,-0.0876348245,0.0045112604,0.885,0.0,0.322696255,0.12849234999999998,18.049999999999997,0.0,-0.36325949999999996,-0.102306477,136.9967514658568,1.0,0.40671204,0.054994282000000005,0.1,0.0,0.42418656,0.038127765999999993,168.5,0.0,0.6593372796683364,0.13032883020680572,0.492366528185296,-0.04750015226733182,0.006972724445258987,0.1749090197424625,0.1986012046375717,-0.19689526008641486,-0.15812762062820104,0.22044756681126407,0.08500062963575909,0.2299191708857212,0.05893129246791306
GG0077,CCB0050,0,15,0.0731510296463966,0.066221508589332,0.7012133002281189,0.6421518147611912,1,S,-0.5958107,0.38440335,1499.83,0.0,0.38745144,0.013340959,0.43,0.0,-0.11808164,-0.30220762,36.1,0.0,0.71632904,0.16893467,17.31,0.0,0.7962792,0.13032389,0.47,0.0,0.42795745,0.11795774,17.2,0.0,0.11717395108566639,-0.19586733460545752,0.3440872556356953,0.12737112784622087,0.011941763696539922,-0.03881826239884779,-0.2705121862179273,0.23548663990976693,0.15121685849517658,0.26176952596817415,0.11665556414601547,0.14068710927153266,0.10558637180864548
GG0082,CCB0051,0,11,0.0079168137162923,0.0054098657954304,0.6653845906257629,0.5109699502737682,1,S,-0.89976263,-0.14241017,175.0,0.0,-0.36225083,0.15009302,1.27,0.0,0.18072833,0.12716316,13.2,0.0,-0.369436,-0.058356456,218.4,0.0,0.013442017,0.4847496,0.168,0.0,-0.557682,-0.010123555,449.8,0.0,0.20066020723538505,-0.37752777569223744,-0.1463775940169619,-0.15199536581394454,0.15427448156504373,0.07583107161215694,0.13070581552141936,-0.1550101623365236,-0.059982216330734674,0.005640081738921789,0.4982543040899725,-0.23399554280621584,-0.010405588475867873
GG0085,CCB0052,0,8,0.46333155035972595,0.1451574647320315,0.6416531205177307,0.5187973782039882,1,S,0.676637065,0.362765665,436.78999999999996,0.0,0.45742134999999995,0.016167762,0.64,0.0,-1.0289746000000002,-0.21662876,39.68,0.0,-0.28643785,-0.0071242545,109.275,0.0,-0.9524753,-0.166576735,0.006,0.0,0.20111008,0.24707381499999997,72.25999999999999,0.0,0.7989979448751788,0.187795310145096,0.35693443024699745,0.12695370787918409,0.015907875178426976,-0.2855838294025855,-0.21314658603568107,-0.07949857857409051,-0.007009736494472562,-0.2643520487146878,-0.16389911652644987,0.0558165252843562,0.24310225551797204
GG0087,CCB0053,0,19,0.3594894111156463,0.1981402822233769,0.3192946910858154,0.3306678251560024,1,I,0.17084356,0.4602614,377.0,0.0,-0.42447448,0.014787272,1.24,0.0,0.1294607,0.2636797,23.5,0.0,-0.32623985,-0.0072638737,170.0,0.0,-0.025336957,0.0148165105,0.07,0.0,0.1817923,0.15881185,243.0,0.0,0.40957885975723,0.13578973282620896,0.5004905250023312,-0.3373804446052516,0.016079752780989828,0.10289784329297512,0.28672661119411097,-0.25930167966976625,-0.007898772223053303,-0.020138298579467348,0.016111546870642535,0.1444920010263309,0.1726927919288723
GG0088,CCB0054,0,15,0.0108406785875558,0.0587674097223593,0.0238450039178133,0.1118493009890894,1,A,-0.41405705,0.07314605,962.0,0.0,0.095153295,0.053422343,0.72,0.0,-0.51785785,-0.68022156,73.3,0.0,-0.05949225,0.0167434,95.0,0.0,-0.8072184,-0.41823277,0.002,0.0,0.30511126,0.18262929,11.5,0.0,0.7977197125629718,-0.1883027483085609,0.05135234874559373,0.04327332902341657,0.03750527593141021,-0.23550874544501169,-0.4775510745063036,-0.02705558129745643,0.011754741588738885,-0.3671026570015877,-0.29362125585558874,0.13875693892396684,0.12821530337236492
GG0089,CCB0055,0,7,0.0052612093277275,0.0031132936507344,0.3894882500171661,0.3942742422871115,1,I,-0.44630003,-0.4079735,220.0,0.0,-0.23115523,0.07419881,0.93,0.0,1.2080283,0.20110807,5.5,0.0,-0.35922813,-0.04612925,135.0,0.0,-0.28966334,-0.14178371,0.02,0.0,-0.5175038,-0.036270335,746.0,0.0,0.6732997825072309,-0.14623779476854262,-0.4495755711654243,-0.07574194221859062,0.08176504695904219,0.3958310166593344,0.2216155594327233,-0.11770720595745277,-0.05083316420351481,-0.09491311947008066,-0.1562417470870115,-0.16956892092599887,-0.03996891115228386
GG0090,CCB0056,0,16,0.21144613623619074,0.12847668937463036,0.09807360544800756,0.16867214585834245,1,I,-0.14476012,-0.15833596,267.5,0.0,0.036243330500000004,-0.028187827800000002,0.54,0.0,-0.5481108,-0.028288609,33.2,0.0,0.483532625,-0.079757138,259.5,0.0,-0.27189044,-0.135702335,0.04,0.0,-0.48613744000000003,-0.024856549999999998,711.0,0.0,0.2251152284376529,-0.07345713421049606,-0.3478929311194818,0.01839133038003744,-0.06193378961565784,-0.27813356743433454,-0.06215522426050881,0.24536399202887135,-0.17524095294916583,-0.13796819553362366,-0.29816273626602474,-0.24668578041263697,-0.054614365789160936
GG0096,CCB0057,0,9,0.9892984628677368,0.0124836712610957,0.9023904204368592,0.767305117420545,1,S,0.36651435,0.6783876,844.0,0.0,0.72059965,-0.044131998,0.48,0.0,0.27104503,0.11498136,14.7,0.0,0.6831047,0.25020963,58.7,0.0,0.3055697,0.03705432,0.14,0.0,0.26337594,0.04569449,45.0,0.0,0.5160841911285147,0.14041569010228477,0.5795908864153526,0.27606967405836874,-0.037704851680809864,0.10384034059306131,0.0982360944740776,0.2617049451477526,0.2137704481057104,0.1170671224737807,0.03165792855635647,0.10090222762475179,0.03903979076769308
GG0099,CCB0058,0,7,0.5703967213630676,0.1563170170750572,0.8232133388519287,0.6433179527869068,1,S,0.7447383,0.37112442,415.0,0.0,0.2805685,0.004499236,0.68,0.0,0.2117436,-0.1223599,26.3,0.0,-0.029991448,-0.007773787,92.6,0.0,0.5584759,0.18008444,0.22,0.0,0.13926272,0.23596929,139.8,0.0,0.7812075538785707,0.37904402661234105,0.4026035603935515,0.1427989053075216,0.004880865647835411,0.10776959739198709,-0.13273858774747002,-0.01526452877991456,-0.00843316730260193,0.28424340993601527,0.19535938032716604,0.07087953197222031,0.25598443858137515
GG0101,CCB0059,0,5,0.0001182684063678,0.0136777275788938,0.4153366982936859,0.3949608347734114,1,I,-0.74680644,-0.11991429,87.67,0.0,-0.39242625,-0.09327407,4.22,0.0,0.046627734,0.09496559,11.29,0.0,-0.43108353,-0.02312652,144.85,0.0,0.019709533,0.2572841,0.19,0.0,-0.17937927,-0.15737641,452.71,0.0,0.5121642972332917,-0.4112296086738483,-0.16075573432096465,-0.2160898521721984,-0.12504215816109204,0.02567560184158065,0.12730979064858455,-0.2373765166615879,-0.03100314987386804,0.01085307130283223,0.3449121403679954,-0.0987753493479523,-0.21097702662749537
GG0102,CCB0060,0,20,0.29348867386579514,0.07959978216504479,0.22844210267066956,0.295642972493665,1,A,-0.30866894,-0.24077991999999998,196.5,0.0,-0.44528687,-0.0025944756,1.6600000000000001,0.0,0.0131122195,0.11169064,16.5,0.0,-0.319400805,-0.024052633,109.0,0.0,0.0199469535,0.0169154865,0.11,0.0,-0.191912205,-0.047269819000000005,484.0,0.0,0.5269138621334695,-0.23774342205067128,-0.5431497961159291,-0.3429694748944691,-0.005852601384566258,0.010099312015681079,0.25195102790987567,-0.24600933409898373,-0.054257774942367575,0.015363570382480384,0.038157845735959844,-0.14781488655771438,-0.10663095391130156
GG0103,CCB0061,0,1,0.0011174110695719,0.0004009779571407,0.0348371751606464,0.1267694495392368,1,I,0.027153915,0.2594811,991.1468740557556,1.0,0.21893449,-0.009275334,0.13,0.0,-0.908236,-0.1492711,68.8852869172315,1.0,-0.34594044,-0.065533705,87.24202363432734,1.0,-1.1648301,-0.21273382,0.02,0.0,0.8355193,0.13753016,15.37717494258197,1.0,0.7575078770756705,0.007756900103684517,0.3111936339742682,0.06254173544334646,-0.011123834814115883,-0.2594504668137177,-0.17901965135933362,-0.09882278245713988,-0.07859405485311904,-0.3327502028147634,-0.2551299902575866,0.23867791236734795,0.16493883474157672
GG0118,CCB0062,0,65,0.0009059401345439,0.0009089431010739,0.6843829154968262,0.6414701871493793,3,S,-0.7985422,-0.32805133,148.0,0.0,-0.3715768,0.03620208,2.38,0.0,0.3458725,0.35921225,8.87,0.0,-0.30042282,-0.029714108,149.5,0.0,-0.04639737,0.07579232,0.13,0.0,-0.34587112,-0.041709457,489.0,0.0,0.7516716792753381,-0.361546799017284,-0.37677533408612673,-0.16823456872922374,0.04157901382875871,0.15659672744046033,0.4125644468552507,-0.13601899677029677,-0.03412741222165218,-0.021006805409057357,0.0870494159836591,-0.15659610263367785,-0.04790437702455265
GG0121,CCB0063,0,6,0.0071584604447707005,0.00593784307232025,0.31263190507888794,0.33496619074767675,1,S,-0.65748568,-0.32600165000000003,107.5,0.0,-0.3470788,-0.045716207,4.995,0.0,1.4246123000000002,0.32120615,5.755,0.0,-0.3013795,-0.05007887,103.0,0.0,0.1795304,0.0482706985,0.135,0.0,-0.51034045,-0.21841417000000002,662.0,0.0,0.9299817021026077,-0.19222326774141799,-0.3228737314609708,-0.10147235617324787,-0.04527756943049875,0.41650128649283635,0.3181242432935916,-0.0881116563942118,-0.04959837357954742,0.05248771372012828,0.04780755111185016,-0.14920371947815766,-0.21631853112354132
GG0122,CCB0064,0,19,0.0012950418749824,0.001589615999328,0.6200312376022339,0.5878490279036316,2,I,-0.57681626,-0.30445698,131.0,0.0,-0.41187143,0.044377204,2.54,0.0,0.63582903,0.35415512,7.52,0.0,-0.5147993,-0.024488293,142.0,0.0,0.13028406,0.056454867,0.13,0.0,-0.38167152,-0.28041175,652.0,0.0,0.8019661272679054,-0.21756211623132085,-0.2860512379315664,-0.15534863723505354,0.0416944099627529,0.2398204054235711,0.3327449102851984,-0.1941707141584438,-0.023007869707834954,0.049140216339963065,0.05304192596475185,-0.14395791061164764,-0.2634596461478956
GG0123,CCB0065,0,28,0.10905877873301506,0.07410524180560815,0.5526278614997864,0.4960487067141969,2,S,-0.54706424,-0.38778026,148.6470526023645,1.0,-0.28962258,0.0197167525,2.6564737744797497,0.0,0.15575438,0.093633355,11.908214268373047,1.0,-0.237512915,-0.028252399,96.3693841649512,1.0,-0.038664364,0.0664119325,0.14202396180614624,0.0,-0.23023895,-0.007110828499999999,482.89584921998437,1.0,0.7759990432769032,-0.36498750942909064,-0.6431857767301694,-0.1932289051622668,0.032702888928149695,0.10391540715377807,0.15530352721803503,-0.15846264654968728,-0.046860407993190946,-0.02579589175856165,0.11015313257349431,-0.15360963994661564,-0.011794266556960701
GG0126,CCB0066,0,53,0.0110745877027511,0.082866062237057,0.2057947218418121,0.2473838815868779,1,A,-0.28127658,0.38398343,1365.0,0.0,-0.28350136,-0.071390085,0.4,0.0,-0.047011998,-0.004352902,34.6,0.0,-0.38608885,-0.06525866,133.0,0.0,-0.71743035,-0.1728872,0.01,0.0,0.11993573,0.01956192,29.3,0.0,0.16149219666141157,-0.15326378779444708,0.5352176291646716,-0.1544760401967243,-0.09950750228874301,-0.025616199134904764,-0.006067318812236657,-0.21037457002713167,-0.09096117842289025,-0.39091805268570845,-0.2409798706598314,0.0653513501610838,0.02726650065162701
GG0128,CCB0067,0,5,0.1803551316261291,0.1582477602169177,0.5378642082214355,0.5212633830814118,1,I,0.23042278,0.16051228,305.15697838801225,1.0,0.19526382,0.011292491,0.694,0.0,0.03447168,0.19756722,11.7,0.0,0.11709896,0.0042349873,75.9,0.0,0.1490577,0.08441238,0.114,0.0,-0.32526663,-0.077108845,478.0,0.0,0.622708218563095,0.2191202152772609,0.2999510752940351,0.18568585221591513,0.021102402994949754,0.03278079512177073,0.3691960520519252,0.1113550896484426,0.00791396766958629,0.14174620804737,0.15774234936497505,-0.30931183968924064,-0.14409415262452865
