permutation_id,signed_contribution_cosine
1,0.8226831990864485
2,0.2727758140519914
3,0.4358043907369796
4,0.2789195193108516
5,0.42720827021883256
6,0.8202307838271616
7,0.8006667881976417
8,0.25075940316318457
9,0.16542981732832948
10,0.26084708083982516
11,0.15683369681018253
12,0.8021583453561351
13,0.37949201501104635
14,0.22260714358491843
15,0.13113385249120316
16,0.22655111600269878
17,0.12868143723191638
18,0.3809835721695399
19,0.4188819606540165
20,0.8119044742623456
21,0.17052379813417326
22,0.8158484466801259
23,0.17666750339303353
24,0.428969638330657
25,0.8387498299904472
26,0.28884244495599015
27,0.45187102164097825
28,0.2949861502148503
29,0.44327490112283124
30,0.8362974147311605
31,0.8533714581359991
32,0.30346407310154205
33,0.631433280555912
34,0.3069884913930422
35,0.6228371600377651
36,0.8482997559093522
37,0.43219668494940383
38,0.2753118135232759
39,0.5971373157187856
40,0.27269252655591586
41,0.594684900459499
42,0.427124982722757
43,0.47158663059237393
44,0.8646091442007031
45,0.6365272613617559
46,0.8619898572333429
47,0.6426709666206161
48,0.4751110488838741
49,0.8070787116744902
50,0.2571713266400332
51,0.1718417408051782
52,0.26725900431667377
53,0.16324562028703118
54,0.8085702688329838
55,0.843716750708849
56,0.2938093656743919
57,0.6217785731287621
58,0.29733378396589205
59,0.6131824526106151
60,0.838645048482202
61,0.15216740411360374
62,0.24758466762509931
63,0.5654661974028289
64,0.24102140823995885
65,0.5669577545613224
66,0.1470957018869568
67,0.19155734975657385
68,0.8368819983025264
69,0.6048561430457989
70,0.830318738917386
71,0.6149438207224395
72,0.19508176804807395
73,0.37086436150568014
74,0.21397949007955228
75,0.12250619898583698
76,0.2179234624973326
77,0.12005378372655023
78,0.3723559186641738
79,0.4075024005400389
80,0.25061752911391094
81,0.5724430313094209
82,0.24799824214655092
83,0.5699906160501341
84,0.40243069831339207
85,0.13712782713138888
86,0.23254509064288448
87,0.5504266204206141
88,0.22598183125774407
89,0.5519181775791075
90,0.132056124904742
91,0.1483655131960929
92,0.40066764813371636
93,0.5616643064853181
94,0.394104388748576
95,0.5656082789030983
96,0.14574622622873276
97,0.43129731146508016
98,0.8243198250734093
99,0.18293914894523697
100,0.8282637974911896
101,0.18908285420409712
102,0.4413849891417207
103,0.4679353504994388
104,0.8609578641077679
105,0.6328759812688208
106,0.858338577140408
107,0.639019686527681
108,0.471459768790939
109,0.19756077709078884
110,0.8428854256367415
111,0.610859570380014
112,0.836322166251601
113,0.6209472480566545
114,0.20108519538228892
115,0.16940851751252267
116,0.4217106524501462
117,0.5827073108017479
118,0.4151473930650058
119,0.5866512832195282
120,0.16678923054516256
121,0.2929244751948167
122,-0.2569829098396405
123,-0.09395433315465228
124,-0.25083920458078024
125,-0.10255045367279929
126,0.2904720599355299
127,0.27090806430600983
128,-0.27899932072844735
129,-0.36432890656330225
130,-0.2689116430518067
131,-0.3729250270814493
132,0.27239962146450336
133,-0.15026670888058546
134,-0.3071515803067134
135,-0.3986248714004286
136,-0.30320760788893303
137,-0.4010772866597154
138,-0.14877515172209194
139,-0.11087676323761533
140,0.2821457503707138
141,-0.3592349257574586
142,0.2860897227884941
143,-0.3530912204985983
144,-0.10078908556097478
145,0.3240953723677311
146,-0.22581201266672588
147,-0.06278343598173775
148,-0.21966830740786564
149,-0.0713795564998847
150,0.32164295710844437
151,0.37316048156743203
152,-0.17674690346702493
153,0.539765182688092
154,-0.17939261617171576
155,0.5311690621699451
156,0.36191864834459425
157,-0.04801429161916325
158,-0.20489916304529113
159,0.5054692178509657
160,-0.2136885810088421
161,0.5030168025916789
162,-0.05925612484200099
163,-0.008624345976193031
164,0.384398167632136
165,0.5448591634939358
166,0.37560874966858504
167,0.551002868752796
168,-0.01127005868088385
169,0.2924242540517743
170,-0.2574831309826828
171,-0.34281271681753783
172,-0.24739545330604223
173,-0.35140883733568484
174,0.2939158112102678
175,0.363505774140282
176,-0.18640161089417506
177,0.530110475260942
178,-0.18904732359886592
179,0.521514354742795
180,0.35226394091744423
181,-0.3280435724549633
182,-0.23262630894346775
183,0.4737980995350088
184,-0.24535969932479912
185,0.4752896566935023
186,-0.33928540567780113
187,-0.2886536268119932
188,0.3566710217339595
189,0.513188045177979
190,0.34393763135262817
191,0.5232757228546194
192,-0.291299339516684
193,-0.14379009611703583
194,-0.30067496754316375
195,-0.392148258636879
196,-0.2967309951253834
197,-0.3946006738961658
198,-0.14229853895854228
199,-0.07270857602852811
200,-0.229593447454656
201,0.48077493344160077
202,-0.2383828654182071
203,0.478322518182314
204,-0.0839504092513659
205,-0.3430831494371781
206,-0.2476658859256825
207,0.458758522552794
208,-0.2603992763070139
209,0.4602500797112874
210,-0.35432498266001594
211,-0.3318454633724741
212,-0.07954332843485061
213,0.469996208617498
214,-0.09227671881618195
215,0.47394018103527824
216,-0.34063488133602515
217,-0.08335714615763588
218,0.30966536745069323
219,-0.33171530867747906
220,0.3136093398684736
221,-0.32557160341861885
222,-0.0732694684809953
223,-0.012275626069128156
224,0.38074688753920094
225,0.5412078834010008
226,0.3719574695756499
227,0.547351588659861
228,-0.014921338773818977
229,-0.28265019947777814
230,0.36267444906817453
231,0.5191914725121939
232,0.34994105868684316
233,0.5292791501888344
234,-0.285295912182469
235,-0.31080245905604437
236,-0.058500324118420814
237,0.4910392129339278
238,-0.07123371449975217
239,0.49498318535170804
240,-0.31959187701959535
241,-0.2545210654560877
242,-0.8044284504905447
243,-0.6413998738055567
244,-0.7982847452316847
245,-0.6499959943237036
246,-0.25697348071537457
247,-0.23989943731053587
248,-0.7898068223449928
249,-0.4618376148906228
250,-0.7862824040534928
251,-0.47043373540876987
252,-0.24497113953718272
253,-0.6610742104971311
254,-0.8179590819232591
255,-0.4961335797277492
256,-0.8205783688906191
257,-0.498585994987036
258,-0.666145912723778
259,-0.6216842648541611
260,-0.2286617512458319
261,-0.4567436340847791
262,-0.23128103821319196
263,-0.45059992882591887
264,-0.6181598465626609
265,-0.23941679918717199
266,-0.789324184221629
267,-0.6262956075366408
268,-0.7831804789627688
269,-0.6348917280547879
270,-0.24186921444645873
271,-0.19035168998747104
272,-0.7402590750219281
273,-0.02374698886681111
274,-0.742904787726619
275,-0.032343109384958095
276,-0.2015935232103089
277,-0.6115264631740663
278,-0.7684113346001943
279,-0.05804295370393747
280,-0.7772007525637453
281,-0.060495368963224244
282,-0.6227682963969041
283,-0.5721365175310962
284,-0.17911400392276708
285,-0.018653008060967338
286,-0.18790342188631814
287,-0.0125093028021071
288,-0.574782230235787
289,-0.2183832475647714
290,-0.7682906325992285
291,-0.44032142514485834
292,-0.7647662143077283
293,-0.44891754566300535
294,-0.22345494979141828
295,-0.18393976651062238
296,-0.7338471515450795
297,-0.01733506538996245
298,-0.7364928642497702
299,-0.025931185908109437
300,-0.19518159973346025
301,-0.42555228078228385
302,-0.7499970699451538
303,-0.0370094020815369
304,-0.7561672009413447
305,-0.04208110430818381
306,-0.4367941140051217
307,-0.38616233513931375
308,-0.16069973926772663
309,0.0023805435614332165
310,-0.1668698702639176
311,0.005904961852933325
312,-0.3888080478440045
313,-0.6545975977335815
314,-0.8114824691597093
315,-0.4896569669641995
316,-0.8141017561270696
317,-0.4921093822234863
318,-0.6596692999602283
319,-0.6201541166794324
320,-0.7770389881055605
321,-0.06667060720930362
322,-0.7858284060691114
323,-0.06912302246859038
324,-0.6313959499022702
325,-0.4405918577644986
326,-0.7650366469273686
327,-0.05204897906375174
328,-0.7712067779235595
329,-0.05712068129039861
330,-0.45183369098733644
331,-0.4293541716997947
332,-0.5969140894365367
333,-0.04081129299904773
334,-0.6030842204327276
335,-0.04343057996640785
336,-0.4381435896633457
337,-0.5941646477741815
338,-0.20114213416585247
339,-0.4292240170047997
340,-0.20376142113321255
341,-0.42308031174593935
342,-0.5906402294826815
343,-0.5597211667200326
344,-0.16669865311170345
345,-0.006237657249903681
346,-0.17548807107525444
347,-9.395199104348321e-05
348,-0.5623668794247234
349,-0.3801589078050987
350,-0.15469631193351163
351,0.008383970895648204
352,-0.16086644292970256
353,0.011908389187148313
354,-0.38280462050978953
355,-0.40831116738336487
356,-0.575871085120107
357,-0.019768288682617933
358,-0.5820412161162978
359,-0.02238757564997805
360,-0.4171005853469159
361,0.052431711959980455
362,-0.4974756730744766
363,-0.5828052589093317
364,-0.48738799539783606
365,-0.5914013794274786
366,0.05392326911847401
367,0.08906975099433916
368,-0.46083763404011785
369,-0.1328684265857478
370,-0.45731321574861783
371,-0.14146454710389478
372,0.08399804876769229
373,-0.6024795956009061
374,-0.5070623320894105
375,-0.189180802311681
376,-0.513625591474551
377,-0.18768924515318744
378,-0.607551297827553
379,-0.563089649957936
380,0.08223499858801667
381,-0.1497908566687108
382,0.07567173920287625
383,-0.1397031789920703
384,-0.5595652316664358
385,0.06753597822889626
386,-0.4823714068055608
387,-0.5677009926404158
388,-0.47228372912892025
389,-0.5762971131585629
390,0.0690275353873898
391,0.13861749831740397
392,-0.411289886717053
393,0.30522219943806395
394,-0.4139355994217439
395,0.296626078919917
396,0.1273756650945662
397,-0.5529318482778414
398,-0.45751458476634577
399,0.24890982371213077
400,-0.47024797514767713
401,0.2504013808706243
402,-0.5641736815006791
403,-0.5135419026348712
404,0.13178274591108147
405,0.28829976935510093
406,0.11904935552975016
407,0.2983874470317414
408,-0.516187615339562
409,0.12024064816725372
410,-0.42966673686720336
411,-0.10169752941283323
412,-0.42614231857570317
413,-0.11029364993098022
414,0.11516894594060686
415,0.15468412922140273
416,-0.39522325581305434
417,0.3212888303420627
418,-0.39786896851774517
419,0.3126927098239157
420,0.14344229599856495
421,-0.08692838505025874
422,-0.4113731742131287
423,0.3016144936504882
424,-0.41754330520931954
425,0.2965427914238413
426,-0.09817021827309651
427,-0.04753843940728854
428,0.17792415646429852
429,0.34100443929345836
430,0.17175402546810759
431,0.3445288575849585
432,-0.050184152111979366
433,-0.5960029828373565
434,-0.5005857193258608
435,-0.18270418954813133
436,-0.5071489787110013
437,-0.18121263238963778
438,-0.6010746850640034
439,-0.5615595017832075
440,-0.46614223827171186
441,0.24028217020676454
442,-0.47887562865304323
443,0.2417737273652581
444,-0.5728013350060452
445,-0.11162266945962361
446,-0.4360674586224935
447,0.2769202092411233
448,-0.4422375896186845
449,0.27184850701447644
450,-0.1228645026824614
451,-0.1184574218659461
452,-0.5383194745403117
453,0.2700854568348008
454,-0.5444896055365026
455,0.2635221974496604
456,-0.13119081224727744
457,-0.5355700328779565
458,0.10975461566799614
459,-0.12227123958873137
460,0.10319135628285568
461,-0.11218356191209079
462,-0.5320456145864564
463,-0.5011265518238075
464,0.14419809672214517
465,0.30071512016616453
466,0.13146470634081375
467,0.3108027978428051
468,-0.5037722645284983
469,-0.05118971950022366
470,0.1742728763713634
471,0.3373531592005232
472,0.16810274537517247
473,0.3408775774920234
474,-0.05383543220491448
475,-0.09741441754951631
476,-0.5172764702238819
477,0.29112846115123064
478,-0.5234466012200728
479,0.2845652017660902
480,-0.11014780793084766
481,0.14370720923676672
482,-0.013177662189361231
483,-0.10465095328307647
484,-0.009233689771580894
485,-0.10710336854236327
486,0.14519876639526028
487,0.1803452482711254
488,0.023460376844997476
489,0.3452858790405074
490,0.020841089877637414
491,0.34283346378122065
492,0.17527354604447856
493,-0.09002932513752458
494,0.0053879383739709906
495,0.3232694681517006
496,-0.0011753210111694172
497,0.3247610253101941
498,-0.09510102736417146
499,-0.07879163907282061
500,0.17351049586480294
501,0.3345071542164046
502,0.16694723647966253
503,0.33845112663418486
504,-0.08141092604018071
505,0.1588114755056825
506,0.001926604079554595
507,-0.08954668701416069
508,0.005870576497334922
509,-0.09199910227344743
510,0.1603030326641761
511,0.2298929955941902
512,0.07300812416806232
513,0.7833765050643191
514,0.06421870620451126
515,0.7809240898050323
516,0.21865116237135246
517,-0.04048157781445976
518,0.05493568569703585
519,0.7613600941755124
520,0.042202295315704415
521,0.7628516513340058
522,-0.051723411037297606
523,-0.029243891749755772
524,0.22305824318786774
525,0.7725977802402162
526,0.2103248528065364
527,0.7765417526579966
528,-0.038033309713306845
529,0.21151614544403996
530,0.054631274017912027
531,0.3764567762134219
532,0.05201198705055198
533,0.3740043609541351
534,0.20644444321739308
535,0.24595962649818898
536,0.08907475507206104
537,0.799443135968318
538,0.08028533710851003
539,0.7969907207090312
540,0.23471779327535122
541,0.4255218854131228
542,0.1010770962502529
543,0.8140647641138699
544,0.09490696525406193
545,0.8089930618872229
546,0.41428005219028496
547,0.4367595714778268
548,0.2691996537410848
549,0.8253024501785737
550,0.2630295227448939
551,0.8226831632112136
552,0.4279701535142758
553,-0.06851313539176015
554,0.026904128119735457
555,0.34478565789746496
556,0.020340868734595032
557,0.34627721505595854
558,-0.07358483761840702
559,-0.03406965433761114
560,0.061347609173884474
561,0.7677720176523608
562,0.048614218792553086
563,0.7692635748108544
564,-0.04531148756044893
565,0.4158671779859727
566,0.09142238882310275
567,0.8044100566867196
568,0.0852522578269118
569,0.7993383544600727
570,0.404625344763135
571,0.40903242557965025
572,-0.010829627094715353
573,0.797575304280397
574,-0.016999758090906272
575,0.7910120448952566
576,0.39629903519831894
577,-0.051272021992841185
578,0.20103011294478237
579,0.36202677129638394
580,0.1944668535596419
581,0.3659707437141644
582,-0.053891308960201265
583,-0.01682854093869217
584,0.2354735939989314
585,0.7850131310512799
586,0.2227402036176
587,0.7889571034690602
588,-0.025617958902243176
589,0.43310829138489165
590,0.26554837364814965
591,0.8216511700856386
592,0.2593782426519587
593,0.8190318831182787
594,0.42431887342134067
595,0.4150358529138653
596,-0.004826199760500338
597,0.8035787316146121
598,-0.01099633075669129
599,0.7970154722294718
600,0.40230246253253393
601,-0.5339105951433304
602,-0.14088808153500124
603,-0.7822687576631735
604,-0.1369441091172209
605,-0.7761250524043134
606,-0.5238229174666899
607,-0.49727255610897164
608,-0.10425004250064254
609,-0.33233192533958983
610,-0.10686932946800264
611,-0.32618822008072956
612,-0.4937481378174716
613,-0.7676471295176217
614,-0.12232248097166902
615,-0.3543483362283966
616,-0.12888574035680947
617,-0.34426065855175597
618,-0.7641227112261216
619,-0.7957993890958878
620,-0.5434972541582643
621,-0.3825005958066628
622,-0.5500605135434048
623,-0.37855662338888235
624,-0.7984186760632479
625,-0.5188063288744146
626,-0.12578381526608542
627,-0.7671644913942578
628,-0.12183984284830511
629,-0.7610207861353976
630,-0.508718651197774
631,-0.4477248087859068
632,-0.0547022951775777
633,0.10575870068422202
634,-0.06349171314112877
635,0.11190240594308223
636,-0.4503705214905977
637,-0.7180993821945569
638,-0.07277473364860419
639,0.08374228979541519
640,-0.0855081240299356
641,0.09382996747205574
642,-0.7207450948992478
643,-0.746251641772823
644,-0.49394950683519956
645,0.05559003021714905
646,-0.5066828972165309
647,0.059534002634929375
648,-0.755041059736374
649,-0.4661016589360571
650,-0.07307914532772797
651,-0.30116102816667517
652,-0.07569843229508805
653,-0.29501732290781496
654,-0.4625772406445569
655,-0.4316581778819081
656,-0.03863566427357896
657,0.12182533158822079
658,-0.04742508223712999
659,0.12796903684708097
660,-0.4343038905865989
661,-0.2520959189669742
662,-0.02663332309538713
663,0.13644695973377266
664,-0.0328034540915781
665,0.1399713780252728
666,-0.2547416316716651
667,-0.2802481785452405
668,-0.4478080962819824
669,0.10829470015550653
670,-0.45397822727817333
671,0.10567541318814644
672,-0.28903759650879146
673,-0.7461309397718572
674,-0.10080629122590458
675,-0.33283214648263215
676,-0.107369550611045
677,-0.3227444688059915
678,-0.7426065214803571
679,-0.7116874587177082
680,-0.06636281017175556
681,0.09015421327226383
682,-0.07909620055308693
683,0.10024189094890437
684,-0.714333171422399
685,-0.2617506263941244
686,-0.03628803052253728
687,0.12679225230662253
688,-0.04245816151872822
689,0.13031667059812266
690,-0.2643963390988152
691,-0.307975324443417
692,-0.7278373771177826
693,0.08056755425732992
694,-0.7340075081139735
695,0.07400429487218947
696,-0.32070871482474844
697,-0.7893227763323382
698,-0.5370206413947147
699,-0.3760239830431131
700,-0.5435839007798551
701,-0.37208001062533275
702,-0.7919420632996984
703,-0.7548792952781892
704,-0.5025771603405657
705,0.04696237671178288
706,-0.515310550721897
707,0.05090634912956321
708,-0.7636687132417401
709,-0.3049424629546053
710,-0.47250238069134737
711,0.08360041574614159
712,-0.47867251168753827
713,0.0809811287787815
714,-0.3137318809181564
715,-0.32301490142563183
716,-0.7428769540999974
717,0.0655279772751151
718,-0.7490470850961882
719,0.05896471788997467
720,-0.33574829180696325
