class,omitted_source_block,remaining_groups,rank_spearman_vs_full,top10_jaccard_vs_full,maximum_primary_bridge_direction_change,primary_bridge_direction_sign_flips,sensitivity_definition,analysis_protocol_hash
S,RCB0001,70,0.999013389711064,1.0,0.0165304429624222,0,delete-one-source-block aggregation influence; models are not refitted,A2CFC6311C185EAA2F17BA13E733D522713F64F2850C50F6EEF6E4CE1F592221
S,RCB0002,69,0.9995771670190272,1.0,0.0309504397882697,0,delete-one-source-block aggregation influence; models are not refitted,A2CFC6311C185EAA2F17BA13E733D522713F64F2850C50F6EEF6E4CE1F592221
S,RCB0003,70,0.9998590556730091,1.0,0.0031872393782987,0,delete-one-source-block aggregation influence; models are not refitted,A2CFC6311C185EAA2F17BA13E733D522713F64F2850C50F6EEF6E4CE1F592221
S,RCB0004,70,0.9987315010570824,1.0,0.0106594929213854,0,delete-one-source-block aggregation influence; models are not refitted,A2CFC6311C185EAA2F17BA13E733D522713F64F2850C50F6EEF6E4CE1F592221
S,RCB0005,70,0.9997181113460184,1.0,0.0069676805201734,0,delete-one-source-block aggregation influence; models are not refitted,A2CFC6311C185EAA2F17BA13E733D522713F64F2850C50F6EEF6E4CE1F592221
S,RCB0006,70,0.9995771670190272,1.0,0.0032922170705392,0,delete-one-source-block aggregation influence; models are not refitted,A2CFC6311C185EAA2F17BA13E733D522713F64F2850C50F6EEF6E4CE1F592221
S,RCB0007,69,0.9984496124031008,1.0,0.011451160563794,0,delete-one-source-block aggregation influence; models are not refitted,A2CFC6311C185EAA2F17BA13E733D522713F64F2850C50F6EEF6E4CE1F592221
S,RCB0008,70,0.9995771670190272,1.0,0.0056163065348614,0,delete-one-source-block aggregation influence; models are not refitted,A2CFC6311C185EAA2F17BA13E733D522713F64F2850C50F6EEF6E4CE1F592221
S,RCB0009,70,0.9994362226920366,1.0,0.006854745057824,0,delete-one-source-block aggregation influence; models are not refitted,A2CFC6311C185EAA2F17BA13E733D522713F64F2850C50F6EEF6E4CE1F592221
S,RCB0010,69,0.9981677237491192,1.0,0.0113470250316907,0,delete-one-source-block aggregation influence; models are not refitted,A2CFC6311C185EAA2F17BA13E733D522713F64F2850C50F6EEF6E4CE1F592221
S,RCB0011,70,0.9994362226920366,1.0,0.0079570397558162,0,delete-one-source-block aggregation influence; models are not refitted,A2CFC6311C185EAA2F17BA13E733D522713F64F2850C50F6EEF6E4CE1F592221
S,RCB0012,70,0.9994362226920366,1.0,0.011753832604456,0,delete-one-source-block aggregation influence; models are not refitted,A2CFC6311C185EAA2F17BA13E733D522713F64F2850C50F6EEF6E4CE1F592221
S,RCB0013,70,0.9998590556730091,1.0,0.0071559793543871,0,delete-one-source-block aggregation influence; models are not refitted,A2CFC6311C185EAA2F17BA13E733D522713F64F2850C50F6EEF6E4CE1F592221
S,RCB0014,70,0.998872445384073,1.0,0.0284457237454808,0,delete-one-source-block aggregation influence; models are not refitted,A2CFC6311C185EAA2F17BA13E733D522713F64F2850C50F6EEF6E4CE1F592221
S,RCB0015,70,0.9994362226920366,1.0,0.0049018750182252,0,delete-one-source-block aggregation influence; models are not refitted,A2CFC6311C185EAA2F17BA13E733D522713F64F2850C50F6EEF6E4CE1F592221
S,RCB0016,70,0.999154334038055,1.0,0.0468252570602725,0,delete-one-source-block aggregation influence; models are not refitted,A2CFC6311C185EAA2F17BA13E733D522713F64F2850C50F6EEF6E4CE1F592221
S,RCB0017,70,0.9995771670190272,1.0,0.0200122944687785,0,delete-one-source-block aggregation influence; models are not refitted,A2CFC6311C185EAA2F17BA13E733D522713F64F2850C50F6EEF6E4CE1F592221
S,RCB0018,70,0.9997181113460184,1.0,0.0045315370483769,0,delete-one-source-block aggregation influence; models are not refitted,A2CFC6311C185EAA2F17BA13E733D522713F64F2850C50F6EEF6E4CE1F592221
S,RCB0019,70,0.9994362226920366,1.0,0.0134838013588779,0,delete-one-source-block aggregation influence; models are not refitted,A2CFC6311C185EAA2F17BA13E733D522713F64F2850C50F6EEF6E4CE1F592221
S,RCB0020,70,0.9997181113460184,1.0,0.0054413437144608,0,delete-one-source-block aggregation influence; models are not refitted,A2CFC6311C185EAA2F17BA13E733D522713F64F2850C50F6EEF6E4CE1F592221
S,RCB0021,70,0.9997181113460184,1.0,0.0065756860000583,0,delete-one-source-block aggregation influence; models are not refitted,A2CFC6311C185EAA2F17BA13E733D522713F64F2850C50F6EEF6E4CE1F592221
S,RCB0022,70,0.9997181113460184,1.0,0.0117713293456939,0,delete-one-source-block aggregation influence; models are not refitted,A2CFC6311C185EAA2F17BA13E733D522713F64F2850C50F6EEF6E4CE1F592221
S,RCB0023,70,0.9995771670190272,1.0,0.0056512990989415,0,delete-one-source-block aggregation influence; models are not refitted,A2CFC6311C185EAA2F17BA13E733D522713F64F2850C50F6EEF6E4CE1F592221
S,RCB0024,70,0.9992952783650456,1.0,0.0292760255985871,0,delete-one-source-block aggregation influence; models are not refitted,A2CFC6311C185EAA2F17BA13E733D522713F64F2850C50F6EEF6E4CE1F592221
S,RCB0025,70,0.999013389711064,1.0,0.0401065084248914,0,delete-one-source-block aggregation influence; models are not refitted,A2CFC6311C185EAA2F17BA13E733D522713F64F2850C50F6EEF6E4CE1F592221
S,RCB0026,70,0.9998590556730091,1.0,0.0178986965269879,0,delete-one-source-block aggregation influence; models are not refitted,A2CFC6311C185EAA2F17BA13E733D522713F64F2850C50F6EEF6E4CE1F592221
S,RCB0027,70,0.9998590556730091,1.0,0.0027819088443704,0,delete-one-source-block aggregation influence; models are not refitted,A2CFC6311C185EAA2F17BA13E733D522713F64F2850C50F6EEF6E4CE1F592221
S,RCB0028,70,0.9995771670190272,1.0,0.0089201877934272,0,delete-one-source-block aggregation influence; models are not refitted,A2CFC6311C185EAA2F17BA13E733D522713F64F2850C50F6EEF6E4CE1F592221
S,RCB0029,70,0.9998590556730091,1.0,0.0047619047619046,0,delete-one-source-block aggregation influence; models are not refitted,A2CFC6311C185EAA2F17BA13E733D522713F64F2850C50F6EEF6E4CE1F592221
S,RCB0030,70,1.0,1.0,0.0033272096346192,0,delete-one-source-block aggregation influence; models are not refitted,A2CFC6311C185EAA2F17BA13E733D522713F64F2850C50F6EEF6E4CE1F592221
S,RCB0031,70,0.9995771670190272,1.0,0.0067010760213455,0,delete-one-source-block aggregation influence; models are not refitted,A2CFC6311C185EAA2F17BA13E733D522713F64F2850C50F6EEF6E4CE1F592221
S,RCB0032,70,0.9994362226920366,1.0,0.042206117373448,0,delete-one-source-block aggregation influence; models are not refitted,A2CFC6311C185EAA2F17BA13E733D522713F64F2850C50F6EEF6E4CE1F592221
S,RCB0033,70,0.9995771670190272,1.0,0.0176702353678547,0,delete-one-source-block aggregation influence; models are not refitted,A2CFC6311C185EAA2F17BA13E733D522713F64F2850C50F6EEF6E4CE1F592221
S,RCB0034,70,0.9995771670190272,1.0,0.0062773525969709,0,delete-one-source-block aggregation influence; models are not refitted,A2CFC6311C185EAA2F17BA13E733D522713F64F2850C50F6EEF6E4CE1F592221
S,RCB0035,70,0.9998590556730091,1.0,0.0063298428206848,0,delete-one-source-block aggregation influence; models are not refitted,A2CFC6311C185EAA2F17BA13E733D522713F64F2850C50F6EEF6E4CE1F592221
S,RCB0036,70,0.9998590556730091,1.0,0.0141082577430479,0,delete-one-source-block aggregation influence; models are not refitted,A2CFC6311C185EAA2F17BA13E733D522713F64F2850C50F6EEF6E4CE1F592221
S,RCB0037,70,0.9997181113460184,1.0,0.0090251654856675,0,delete-one-source-block aggregation influence; models are not refitted,A2CFC6311C185EAA2F17BA13E733D522713F64F2850C50F6EEF6E4CE1F592221
S,RCB0038,70,0.9992952783650456,1.0,0.0263811082794002,0,delete-one-source-block aggregation influence; models are not refitted,A2CFC6311C185EAA2F17BA13E733D522713F64F2850C50F6EEF6E4CE1F592221
S,RCB0039,70,0.9992952783650456,1.0,0.0070101770040532,0,delete-one-source-block aggregation influence; models are not refitted,A2CFC6311C185EAA2F17BA13E733D522713F64F2850C50F6EEF6E4CE1F592221
S,RCB0040,70,0.9995771670190272,1.0,0.0308857257924804,0,delete-one-source-block aggregation influence; models are not refitted,A2CFC6311C185EAA2F17BA13E733D522713F64F2850C50F6EEF6E4CE1F592221
S,RCB0041,70,0.99830866807611,1.0,0.0052786403799656,0,delete-one-source-block aggregation influence; models are not refitted,A2CFC6311C185EAA2F17BA13E733D522713F64F2850C50F6EEF6E4CE1F592221
S,RCB0042,70,0.9995771670190272,1.0,0.0285507041929086,0,delete-one-source-block aggregation influence; models are not refitted,A2CFC6311C185EAA2F17BA13E733D522713F64F2850C50F6EEF6E4CE1F592221
S,RCB0043,70,0.9998590556730091,1.0,0.0069110314058262,0,delete-one-source-block aggregation influence; models are not refitted,A2CFC6311C185EAA2F17BA13E733D522713F64F2850C50F6EEF6E4CE1F592221
S,RCB0045,70,0.9998590556730091,1.0,0.0145189980462486,0,delete-one-source-block aggregation influence; models are not refitted,A2CFC6311C185EAA2F17BA13E733D522713F64F2850C50F6EEF6E4CE1F592221
S,RCB0046,70,0.9994362226920366,1.0,0.0168358425783893,0,delete-one-source-block aggregation influence; models are not refitted,A2CFC6311C185EAA2F17BA13E733D522713F64F2850C50F6EEF6E4CE1F592221
S,RCB0047,70,0.9995771670190272,1.0,0.0168358425783893,0,delete-one-source-block aggregation influence; models are not refitted,A2CFC6311C185EAA2F17BA13E733D522713F64F2850C50F6EEF6E4CE1F592221
S,RCB0048,70,0.9994362226920366,1.0,0.0056017262998279,0,delete-one-source-block aggregation influence; models are not refitted,A2CFC6311C185EAA2F17BA13E733D522713F64F2850C50F6EEF6E4CE1F592221
S,RCB0049,70,0.9998590556730091,1.0,0.0200122944687785,0,delete-one-source-block aggregation influence; models are not refitted,A2CFC6311C185EAA2F17BA13E733D522713F64F2850C50F6EEF6E4CE1F592221
S,RCB0050,70,0.9997181113460184,1.0,0.0198723205388747,0,delete-one-source-block aggregation influence; models are not refitted,A2CFC6311C185EAA2F17BA13E733D522713F64F2850C50F6EEF6E4CE1F592221
S,RCB0051,70,0.9997181113460184,1.0,0.0127547896072084,0,delete-one-source-block aggregation influence; models are not refitted,A2CFC6311C185EAA2F17BA13E733D522713F64F2850C50F6EEF6E4CE1F592221
S,RCB0052,70,1.0,1.0,0.0071426479325532,0,delete-one-source-block aggregation influence; models are not refitted,A2CFC6311C185EAA2F17BA13E733D522713F64F2850C50F6EEF6E4CE1F592221
S,RCB0053,70,0.9995771670190272,1.0,0.0038870906599014,0,delete-one-source-block aggregation influence; models are not refitted,A2CFC6311C185EAA2F17BA13E733D522713F64F2850C50F6EEF6E4CE1F592221
S,RCB0054,70,0.9995771670190272,1.0,0.0102841063404663,0,delete-one-source-block aggregation influence; models are not refitted,A2CFC6311C185EAA2F17BA13E733D522713F64F2850C50F6EEF6E4CE1F592221
S,RCB0055,70,0.9998590556730091,1.0,0.0042720088647828,0,delete-one-source-block aggregation influence; models are not refitted,A2CFC6311C185EAA2F17BA13E733D522713F64F2850C50F6EEF6E4CE1F592221
S,RCB0056,70,0.998872445384073,1.0,0.0081153588195841,0,delete-one-source-block aggregation influence; models are not refitted,A2CFC6311C185EAA2F17BA13E733D522713F64F2850C50F6EEF6E4CE1F592221
S,RCB0057,70,0.9997181113460184,1.0,0.0042720088647828,0,delete-one-source-block aggregation influence; models are not refitted,A2CFC6311C185EAA2F17BA13E733D522713F64F2850C50F6EEF6E4CE1F592221
S,RCB0058,70,0.9998590556730091,1.0,0.0205822219177004,0,delete-one-source-block aggregation influence; models are not refitted,A2CFC6311C185EAA2F17BA13E733D522713F64F2850C50F6EEF6E4CE1F592221
S,RCB0059,70,0.9995771670190272,1.0,0.0265910691742558,0,delete-one-source-block aggregation influence; models are not refitted,A2CFC6311C185EAA2F17BA13E733D522713F64F2850C50F6EEF6E4CE1F592221
S,RCB0060,70,0.999154334038055,1.0,0.0068060537135856,0,delete-one-source-block aggregation influence; models are not refitted,A2CFC6311C185EAA2F17BA13E733D522713F64F2850C50F6EEF6E4CE1F592221
S,RCB0061,70,0.9992952783650456,1.0,0.0469652309901763,0,delete-one-source-block aggregation influence; models are not refitted,A2CFC6311C185EAA2F17BA13E733D522713F64F2850C50F6EEF6E4CE1F592221
S,RCB0062,70,0.9997181113460184,1.0,0.0079125045470239,0,delete-one-source-block aggregation influence; models are not refitted,A2CFC6311C185EAA2F17BA13E733D522713F64F2850C50F6EEF6E4CE1F592221
S,RCB0063,70,0.9995771670190272,1.0,0.0158655667953793,0,delete-one-source-block aggregation influence; models are not refitted,A2CFC6311C185EAA2F17BA13E733D522713F64F2850C50F6EEF6E4CE1F592221
S,RCB0064,70,0.9994362226920366,1.0,0.0070026740026494,0,delete-one-source-block aggregation influence; models are not refitted,A2CFC6311C185EAA2F17BA13E733D522713F64F2850C50F6EEF6E4CE1F592221
S,RCB0065,70,0.9997181113460184,1.0,0.0494847617284441,0,delete-one-source-block aggregation influence; models are not refitted,A2CFC6311C185EAA2F17BA13E733D522713F64F2850C50F6EEF6E4CE1F592221
S,RCB0066,70,0.9998590556730091,1.0,0.0058749275484976,0,delete-one-source-block aggregation influence; models are not refitted,A2CFC6311C185EAA2F17BA13E733D522713F64F2850C50F6EEF6E4CE1F592221
S,RCB0067,70,0.999013389711064,1.0,0.0095142497259956,0,delete-one-source-block aggregation influence; models are not refitted,A2CFC6311C185EAA2F17BA13E733D522713F64F2850C50F6EEF6E4CE1F592221
S,RCB0069,70,0.9997181113460184,1.0,0.0176852278841284,0,delete-one-source-block aggregation influence; models are not refitted,A2CFC6311C185EAA2F17BA13E733D522713F64F2850C50F6EEF6E4CE1F592221
S,RCB0070,70,0.9998590556730091,1.0,0.0037738811393708,0,delete-one-source-block aggregation influence; models are not refitted,A2CFC6311C185EAA2F17BA13E733D522713F64F2850C50F6EEF6E4CE1F592221
