model,Geological Group ID,target,cv_block,model_score,model_score_mean_sensitivity,model_score_sd,score_type,positive_vote_fraction,prediction
MLP,GG0001,1,CVB0001,0.5662072939400588,0.6234129884383778,0.3473767348133257,predict_proba,0.6666666666666666,1
MLP,GG0002,0,CVB0002,5.2479770482239396e-06,1.4149070479243563e-05,2.0126887411622454e-05,predict_proba,0.0,0
MLP,GG0003,1,CVB0003,0.8061806011155533,0.8060760069761659,0.19382100176205505,predict_proba,1.0,1
MLP,GG0004,0,CVB0004,4.458830919641667e-10,3.892623199582106e-08,6.698401586410923e-08,predict_proba,0.0,0
MLP,GG0005,0,CVB0005,0.0035494066159726004,0.008714305569386684,0.011929350468857266,predict_proba,0.0,0
MLP,GG0006,0,CVB0006,0.9859292189894568,0.8610929414602803,0.22507425839038797,predict_proba,1.0,1
MLP,GG0007,0,CVB0007,3.5766729248512724e-07,2.4436679632671706e-06,3.7835449814906797e-06,predict_proba,0.0,0
MLP,GG0008,0,CVB0008,0.002997263708773598,0.00693765992649166,0.009536233380494741,predict_proba,0.0,0
MLP,GG0009,0,CVB0009,1.3807888848235946e-16,5.002971026517706e-12,8.665266400620505e-12,predict_proba,0.0,0
MLP,GG0010,1,CVB0010,0.9643457323058476,0.9639890349546083,0.03577558063087867,predict_proba,1.0,1
MLP,GG0012,1,CVB0012,1.3415479763012673e-06,8.761675139372354e-06,1.4029895628203468e-05,predict_proba,0.0,0
MLP,GG0013,1,CVB0013,0.0008354299358381959,0.090914308198127,0.15630673561990274,predict_proba,0.3333333333333333,0
MLP,GG0014,1,CVB0014,0.002139117145198335,0.0021807211516491278,0.002201808457934702,predict_proba,0.0,0
MLP,GG0015,0,CVB0002,0.013794597070924475,0.33801577610671246,0.5688828453126947,predict_proba,0.3333333333333333,0
MLP,GG0016,1,CVB0015,0.44356072219203324,0.5227651766420657,0.4322867177437795,predict_proba,0.6666666666666666,1
MLP,GG0018,0,CVB0016,1.241683804232515e-19,8.040043081890453e-15,1.3925655518758366e-14,predict_proba,0.0,0
MLP,GG0019,0,CVB0017,2.656841797825606e-12,3.2302017743856804e-10,5.571435625748184e-10,predict_proba,0.0,0
MLP,GG0020,1,CVB0018,0.5081519557795263,0.5280506658233367,0.3803293290927612,predict_proba,0.6666666666666666,1
MLP,GG0023,0,CVB0020,9.968956450963273e-07,9.568749636633635e-06,1.5091248754428462e-05,predict_proba,0.0,0
MLP,GG0024,0,CVB0021,0.018205260479777385,0.14910725450840726,0.23607427059453867,predict_proba,0.3333333333333333,0
MLP,GG0025,1,CVB0022,0.9014166384780045,0.9080670422463105,0.05043312622642679,predict_proba,1.0,1
MLP,GG0026,1,CVB0023,1.164326343648567e-05,0.00024446650722463874,0.0004133860430529371,predict_proba,0.0,0
MLP,GG0027,0,CVB0024,6.404064164189371e-15,1.0434997095465692e-07,1.8073944591538249e-07,predict_proba,0.0,0
MLP,GG0028,1,CVB0025,0.4268430164038194,0.569025204242246,0.3638352143579993,predict_proba,1.0,1
MLP,GG0029,0,CVB0026,2.444686629456929e-14,2.3988671835223674e-14,2.3755930539369945e-14,predict_proba,0.0,0
MLP,GG0030,0,CVB0027,3.8085030660984066e-07,8.31771621163751e-06,1.4053109223916191e-05,predict_proba,0.0,0
MLP,GG0031,0,CVB0028,2.58533639580745e-06,6.632917266920887e-06,7.634733417342505e-06,predict_proba,0.0,0
MLP,GG0032,0,CVB0029,1.669513079423833e-06,2.20941429627843e-06,2.4631519093941396e-06,predict_proba,0.0,0
MLP,GG0034,1,CVB0031,0.821453841394592,0.7929829604375124,0.20955349259803802,predict_proba,1.0,1
MLP,GG0035,1,CVB0032,4.8467084934646657e-45,3.512210773508325e-38,6.083327082077728e-38,predict_proba,0.0,0
MLP,GG0036,0,CVB0033,2.2084637210667437e-07,1.745897499592962e-06,2.778474655710586e-06,predict_proba,0.0,0
MLP,GG0037,0,CVB0034,3.731541922717838e-05,0.00039340248025114105,0.000616817063787468,predict_proba,0.0,0
MLP,GG0038,1,CVB0035,0.9320564925731947,0.9192345172993948,0.07637940688566697,predict_proba,1.0,1
MLP,GG0039,0,CVB0036,0.0914146035653649,0.1406957019010834,0.17074867255710363,predict_proba,0.3333333333333333,0
MLP,GG0040,0,CVB0037,1.738433613289214e-15,3.1791805438063516e-12,5.504902792733582e-12,predict_proba,0.0,0
MLP,GG0041,1,CVB0038,0.9163335814088034,0.8697601931166279,0.1568213140872137,predict_proba,1.0,1
MLP,GG0042,1,CVB0039,0.00020077691273220956,0.004882378896675367,0.008275757891132817,predict_proba,0.0,0
MLP,GG0043,1,CVB0040,0.24705504706408887,0.4538835259016689,0.47714601977218357,predict_proba,0.6666666666666666,1
MLP,GG0044,0,CVB0010,0.9736002555171841,0.9688428281812765,0.01508811706145689,predict_proba,1.0,1
MLP,GG0045,1,CVB0041,0.39236140235502787,0.42051862738765244,0.43439727454007426,predict_proba,0.6666666666666666,1
MLP,GG0046,1,CVB0042,0.9668837265379263,0.8536175771232871,0.2228941180932533,predict_proba,1.0,1
MLP,GG0047,1,CVB0043,0.9914634761179102,0.9506512347143227,0.07552495418642698,predict_proba,1.0,1
MLP,GG0048,1,CVB0044,1.750365694255391e-05,0.00013121468849222316,0.0002084531997517641,predict_proba,0.0,0
MLP,GG0049,1,CVB0045,0.9688389268142045,0.9622174176569543,0.033522928263212376,predict_proba,1.0,1
MLP,GG0050,1,CVB0046,0.9999478858768993,0.9980600618266297,0.0033076767520233883,predict_proba,1.0,1
MLP,GG0051,1,CVB0047,0.7119877406892557,0.750909530888581,0.17757630138098443,predict_proba,1.0,1
MLP,GG0052,1,CVB0048,0.9923760609002252,0.750327020565735,0.42178197413101853,predict_proba,1.0,1
MLP,GG0053,1,CVB0049,0.9840928417179382,0.6815810082786177,0.5364145558594616,predict_proba,0.6666666666666666,1
MLP,GG0054,1,CVB0050,0.9273664615374236,0.9129543894498324,0.06738001127412356,predict_proba,1.0,1
MLP,GG0055,0,CVB0051,0.0016225671929361492,0.0016251456375270185,0.0011853739423094815,predict_proba,0.0,0
MLP,GG0056,1,CVB0052,1.017169165887362e-05,0.031090035514028724,0.05384007107317205,predict_proba,0.0,0
MLP,GG0057,1,CVB0053,0.019319447186950587,0.278347501396345,0.4634246369814542,predict_proba,0.3333333333333333,0
MLP,GG0058,1,CVB0054,0.404436008710098,0.3162131279864058,0.20677563287259434,predict_proba,0.6666666666666666,1
MLP,GG0059,1,CVB0055,0.7681622624340392,0.7674052236767555,0.08308406286105005,predict_proba,1.0,1
MLP,GG0061,1,CVB0057,0.46798202640087805,0.41754769791477075,0.32707825463356055,predict_proba,0.6666666666666666,1
MLP,GG0062,1,CVB0058,0.026955492337660578,0.1000096881610465,0.1268245317189036,predict_proba,0.3333333333333333,0
MLP,GG0064,1,CVB0060,0.9999557078314274,0.9998065440838304,0.00029753504599266175,predict_proba,1.0,1
MLP,GG0065,0,CVB0061,9.603420138853835e-16,4.740270158736602e-11,8.210301335930129e-11,predict_proba,0.0,0
MLP,GG0066,0,CVB0062,0.00010531910446312688,0.021017416912576112,0.03630821376872081,predict_proba,0.0,0
MLP,GG0067,0,CVB0063,0.0012789033755868536,0.0018923058216269463,0.0022261275186062236,predict_proba,0.0,0
MLP,GG0068,0,CVB0064,0.0023367400427173925,0.04553429292838213,0.07571487922642182,predict_proba,0.0,0
MLP,GG0069,0,CVB0065,0.9094996151942373,0.6364993371092672,0.5530787122492299,predict_proba,0.6666666666666666,1
MLP,GG0070,0,CVB0066,1.2957138698486285e-07,2.7904968147907025e-07,3.7672708515972693e-07,predict_proba,0.0,0
MLP,GG0071,0,CVB0067,0.2210790334643645,0.3150599405486251,0.3609342538618641,predict_proba,0.6666666666666666,1
MLP,GG0072,0,CVB0068,0.010126093730101478,0.017227932027338622,0.021563091554213924,predict_proba,0.0,0
MLP,GG0073,0,CVB0069,1.3770417411848343e-05,0.03419771030893384,0.059220240344334665,predict_proba,0.0,0
MLP,GG0074,0,CVB0070,2.967287165833589e-08,2.3693618976541338e-08,1.8481657385375433e-08,predict_proba,0.0,0
MLP,GG0075,0,CVB0071,0.18264054370313135,0.23400263970078214,0.2394813013416507,predict_proba,0.6666666666666666,1
MLP,GG0076,0,CVB0072,0.9972463412756702,0.9939867092819604,0.008035287822348606,predict_proba,1.0,1
MLP,GG0077,0,CVB0073,7.930073744809516e-34,9.07262102497984e-18,1.5714240573082708e-17,predict_proba,0.0,0
MLP,GG0078,0,CVB0074,4.647518245835064e-06,5.4959749095475706e-05,9.115296806115742e-05,predict_proba,0.0,0
MLP,GG0079,0,CVB0075,0.0003817961769637912,0.0002968089580945015,0.00025124603753907135,predict_proba,0.0,0
MLP,GG0080,0,CVB0076,7.233647176204481e-11,1.0906857230363018e-10,1.3134503582886796e-10,predict_proba,0.0,0
MLP,GG0081,0,CVB0077,0.005625392267153904,0.03169728796191185,0.04963404869167095,predict_proba,0.0,0
MLP,GG0082,0,CVB0078,8.872557427245127e-07,0.0007169210854502898,0.0012409338718946585,predict_proba,0.0,0
MLP,GG0083,0,CVB0079,0.00016351530815279737,0.0015180049403452842,0.0024889964010777316,predict_proba,0.0,0
MLP,GG0084,0,CVB0080,5.6976880812634896e-09,1.8367153317728084e-08,2.7028849328922403e-08,predict_proba,0.0,0
MLP,GG0085,0,CVB0081,1.6660534592797918e-06,0.32241252212723964,0.5584327596238646,predict_proba,0.3333333333333333,0
MLP,GG0086,0,CVB0082,2.659478741133282e-11,1.8797179572896987e-11,1.635730494273404e-11,predict_proba,0.0,0
MLP,GG0087,0,CVB0083,0.35640801726448645,0.4313139745627723,0.44681442938784754,predict_proba,0.6666666666666666,1
MLP,GG0088,0,CVB0084,3.849487114955806e-07,6.897578061463155e-07,8.607345704891322e-07,predict_proba,0.0,0
MLP,GG0089,0,CVB0085,1.945252141115953e-12,9.913775236277967e-10,1.7154318714307925e-09,predict_proba,0.0,0
MLP,GG0090,0,CVB0086,0.4377832925755824,0.3558958931130152,0.25771931383338925,predict_proba,0.6666666666666666,1
MLP,GG0091,0,CVB0087,1.2415019238541098e-05,8.643015025389268e-06,7.505080978488963e-06,predict_proba,0.0,0
MLP,GG0092,0,CVB0088,0.045167153094015484,0.08344170331472045,0.10597708883829697,predict_proba,0.3333333333333333,0
MLP,GG0093,0,CVB0089,0.000581507705713231,0.0004978073262340304,0.0003553188749064216,predict_proba,0.0,0
MLP,GG0094,0,CVB0090,0.041061096573208083,0.3456949636600994,0.5631523266793224,predict_proba,0.3333333333333333,0
MLP,GG0095,0,CVB0091,0.002996903408790064,0.004798705929754091,0.005908724852035123,predict_proba,0.0,0
MLP,GG0096,0,CVB0092,0.9999396107403965,0.9981377188506699,0.0031574381932787856,predict_proba,1.0,1
MLP,GG0097,0,CVB0093,0.761929443272495,0.6357835054983877,0.4232706812192019,predict_proba,1.0,1
MLP,GG0098,0,CVB0094,0.001139938792751985,0.0011983948834714223,0.0009203393200496728,predict_proba,0.0,0
MLP,GG0099,0,CVB0095,0.9962371652525841,0.9357383787679886,0.10803377287364832,predict_proba,1.0,1
MLP,GG0100,0,CVB0096,2.4823958397519658e-06,2.6145864525887606e-06,2.6810286808017807e-06,predict_proba,0.0,0
MLP,GG0101,0,CVB0097,5.0745391425999845e-11,1.763366903765514e-10,2.615247384051281e-10,predict_proba,0.0,0
MLP,GG0102,0,CVB0098,0.9236673646452644,0.815366748198915,0.22944510032994955,predict_proba,1.0,1
MLP,GG0103,0,CVB0099,1.8334039461020606e-09,3.7150779293033452e-09,4.624215613556676e-09,predict_proba,0.0,0
MLP,GG0104,0,CVB0100,1.1961253793251027e-23,8.633072810144917e-17,1.4952919696497386e-16,predict_proba,0.0,0
MLP,GG0105,0,CVB0101,5.977631526964929e-09,3.5862337401868454e-06,6.206360592913946e-06,predict_proba,0.0,0
MLP,GG0106,0,CVB0102,3.220773758032918e-07,2.6287250019163736e-05,4.525034560980069e-05,predict_proba,0.0,0
MLP,GG0107,0,CVB0103,2.268880217247635e-07,4.2185518018097e-06,7.1089350573844e-06,predict_proba,0.0,0
MLP,GG0108,0,CVB0104,6.351144890203406e-06,0.0007059103199642302,0.0012171764149405825,predict_proba,0.0,0
MLP,GG0109,0,CVB0105,4.4796479485547987e-13,0.00039346493404689587,0.0006815012563780122,predict_proba,0.0,0
MLP,GG0110,0,CVB0106,9.142800278141612e-10,8.572098833907886e-09,1.3686919823138713e-08,predict_proba,0.0,0
MLP,GG0111,0,CVB0107,2.4949931725159707e-24,3.190082174034576e-11,5.525384405747451e-11,predict_proba,0.0,0
MLP,GG0112,0,CVB0108,7.013246278777933e-14,5.09034456015656e-13,8.216779144181149e-13,predict_proba,0.0,0
MLP,GG0113,0,CVB0109,4.389412970751923e-08,5.264556066404151e-08,3.262912712404388e-08,predict_proba,0.0,0
MLP,GG0114,0,CVB0110,0.6399796913933122,0.5433019157461758,0.5019939384178398,predict_proba,0.6666666666666666,1
MLP,GG0115,0,CVB0111,5.2085100259064824e-05,9.865914920018163e-05,0.00012802970955989436,predict_proba,0.0,0
MLP,GG0116,0,CVB0112,2.778004466856475e-15,1.640439906876207e-14,2.604449005862853e-14,predict_proba,0.0,0
MLP,GG0117,0,CVB0113,7.355927405938294e-11,3.81875616581066e-09,6.550678753720902e-09,predict_proba,0.0,0
MLP,GG0118,0,CVB0114,2.9452336878684698e-08,5.681568740208712e-08,4.856046133619371e-08,predict_proba,0.0,0
MLP,GG0119,0,CVB0115,0.004066452105656975,0.03153529261225105,0.05094187796413871,predict_proba,0.0,0
MLP,GG0120,0,CVB0116,1.0797637259135734e-06,0.0001748674100342151,0.00030194383449293514,predict_proba,0.0,0
MLP,GG0121,0,CVB0117,4.0664620532361667e-10,4.994926634055726e-08,8.616220421391548e-08,predict_proba,0.0,0
MLP,GG0122,0,CVB0118,7.929961390333881e-10,2.5341123565185625e-09,3.7236265801793575e-09,predict_proba,0.0,0
MLP,GG0123,0,CVB0119,0.003079172123757606,0.0035967303496163123,0.001735313036096351,predict_proba,0.0,0
MLP,GG0124,0,CVB0120,3.234138664823898e-07,3.465018364171026e-05,5.973599918805216e-05,predict_proba,0.0,0
MLP,GG0125,0,CVB0121,5.229776163949944e-14,3.1790026041226106e-10,5.505740873780758e-10,predict_proba,0.0,0
MLP,GG0126,0,CVB0122,7.272762404554822e-08,0.0019357086803873894,0.00335262322753709,predict_proba,0.0,0
MLP,GG0127,0,CVB0123,6.443707990478634e-16,1.6342163841083313e-12,2.8299877845992138e-12,predict_proba,0.0,0
MLP,GG0128,0,CVB0124,0.007138150741787978,0.006961669451059201,0.006717030154684784,predict_proba,0.0,0
MLP,GG0129,0,CVB0125,2.17151932296707e-08,7.032840194900629e-05,0.00012179248224108931,predict_proba,0.0,0
RF,GG0001,1,CVB0001,0.5287906755413668,0.49769780749876785,0.06551765091057025,predict_proba,1.0,1
RF,GG0002,0,CVB0002,0.03467225738509614,0.0420909112336,0.015857620090706556,predict_proba,0.0,0
RF,GG0003,1,CVB0003,0.5507865805042189,0.5323282593522025,0.09072093950267819,predict_proba,1.0,1
RF,GG0004,0,CVB0004,0.0849990607001813,0.07799250854517183,0.023489385907625674,predict_proba,0.0,0
RF,GG0005,0,CVB0005,0.24778936946821686,0.29306334807416623,0.1933950273201944,predict_proba,0.3333333333333333,0
RF,GG0006,0,CVB0006,0.4399768948419036,0.46004565579909934,0.058158662462616736,predict_proba,0.6666666666666666,1
RF,GG0007,0,CVB0007,0.3787410632738689,0.38837486716410585,0.04990025225807722,predict_proba,0.3333333333333333,0
RF,GG0008,0,CVB0008,0.10455074235027985,0.09129961306582633,0.03443908627996708,predict_proba,0.0,0
RF,GG0009,0,CVB0009,0.012337673920119398,0.011841499282354168,0.003363446389272017,predict_proba,0.0,0
RF,GG0010,1,CVB0010,0.8178154749150424,0.8080311110384301,0.026146739532408488,predict_proba,1.0,1
RF,GG0012,1,CVB0012,0.11892111470662892,0.12410226110448826,0.03437967530620145,predict_proba,0.0,0
RF,GG0013,1,CVB0013,0.45685973940985725,0.4650638388527077,0.061804762325689995,predict_proba,1.0,1
RF,GG0014,1,CVB0014,0.3454702056936154,0.3420472739356997,0.027575464655539766,predict_proba,0.0,0
RF,GG0015,0,CVB0002,0.15941455821072834,0.16671685294607289,0.029330243005132362,predict_proba,0.0,0
RF,GG0016,1,CVB0015,0.45816181748429186,0.4760370488231698,0.10568324472865886,predict_proba,1.0,1
RF,GG0018,0,CVB0016,0.04046075276175217,0.03549160819749847,0.014350021024072597,predict_proba,0.0,0
RF,GG0019,0,CVB0017,0.024295976157263185,0.023655099067475288,0.00576013466201414,predict_proba,0.0,0
RF,GG0020,1,CVB0018,0.46206010270568953,0.456628583343126,0.046459508285948053,predict_proba,1.0,1
RF,GG0023,0,CVB0020,0.17769701852224257,0.21180868631586305,0.05909213476491161,predict_proba,0.0,0
RF,GG0024,0,CVB0021,0.33317213368002485,0.3295250244005239,0.014338083931089908,predict_proba,0.0,0
RF,GG0025,1,CVB0022,0.5952813558879959,0.6059490952979253,0.07012112987208818,predict_proba,1.0,1
RF,GG0026,1,CVB0023,0.292645416711415,0.26281529943168086,0.06274607033377176,predict_proba,0.0,0
RF,GG0027,0,CVB0024,0.033857747691989334,0.03501781832098539,0.003526783746567552,predict_proba,0.0,0
RF,GG0028,1,CVB0025,0.38578274123147516,0.36964559658388946,0.03445161219322819,predict_proba,0.3333333333333333,0
RF,GG0029,0,CVB0026,0.013212782266687666,0.017397591159532547,0.01334944063975144,predict_proba,0.0,0
RF,GG0030,0,CVB0027,0.07191208895334444,0.07822960774942521,0.03566695245700598,predict_proba,0.0,0
RF,GG0031,0,CVB0028,0.08182403230317646,0.09451421929736185,0.034755559903088644,predict_proba,0.0,0
RF,GG0032,0,CVB0029,0.20513169647109053,0.18042592523831658,0.06091427913018427,predict_proba,0.0,0
RF,GG0034,1,CVB0031,0.5750429198884972,0.559592603965235,0.036718249042933776,predict_proba,1.0,1
RF,GG0035,1,CVB0032,0.3713350740185048,0.3695769816759135,0.008666529759084355,predict_proba,0.0,0
RF,GG0036,0,CVB0033,0.12479395085685488,0.12683918413261377,0.0173514536338493,predict_proba,0.0,0
RF,GG0037,0,CVB0034,0.1778866370445644,0.1684877393634602,0.02398057861707401,predict_proba,0.0,0
RF,GG0038,1,CVB0035,0.5230264706731418,0.5254414700581869,0.00673588448980668,predict_proba,1.0,1
RF,GG0039,0,CVB0036,0.3229739351867198,0.3188817280488881,0.007864835166603858,predict_proba,0.0,0
RF,GG0040,0,CVB0037,0.0027524766009949025,0.007610885076519733,0.009880166368577475,predict_proba,0.0,0
RF,GG0041,1,CVB0038,0.6242082850554166,0.6062561172716888,0.0528567042352869,predict_proba,1.0,1
RF,GG0042,1,CVB0039,0.20783867996676075,0.18817369808626835,0.07497536759249454,predict_proba,0.0,0
RF,GG0043,1,CVB0040,0.5507501863832003,0.5778631065533887,0.0950850629185641,predict_proba,1.0,1
RF,GG0044,0,CVB0010,0.726473215420276,0.7573459154270359,0.07396293604483542,predict_proba,1.0,1
RF,GG0045,1,CVB0041,0.4503772722025137,0.410971168246047,0.10180538299361987,predict_proba,0.3333333333333333,0
RF,GG0046,1,CVB0042,0.575516871809963,0.5712473748627702,0.0511797441697947,predict_proba,1.0,1
RF,GG0047,1,CVB0043,0.6589514789266465,0.6573090385044228,0.019854236036907807,predict_proba,1.0,1
RF,GG0048,1,CVB0044,0.09154966666608257,0.08471234624724683,0.014504592161812534,predict_proba,0.0,0
RF,GG0049,1,CVB0045,0.6902236923853181,0.6819562013712882,0.07014466947852754,predict_proba,1.0,1
RF,GG0050,1,CVB0046,0.5933454372878697,0.5903278923737062,0.04824744189991577,predict_proba,1.0,1
RF,GG0051,1,CVB0047,0.562908889872906,0.5662840617403233,0.019393006561916726,predict_proba,1.0,1
RF,GG0052,1,CVB0048,0.6126364266170393,0.5853242638235597,0.0645152792378168,predict_proba,1.0,1
RF,GG0053,1,CVB0049,0.4685620850767048,0.43180232795768897,0.06449198567413615,predict_proba,0.6666666666666666,1
RF,GG0054,1,CVB0050,0.5308864364787491,0.5324886025363766,0.07441897837087733,predict_proba,1.0,1
RF,GG0055,0,CVB0051,0.1248274801172985,0.11439041995495501,0.019116391581456206,predict_proba,0.0,0
RF,GG0056,1,CVB0052,0.02762213610193786,0.02693088210391441,0.004743860072146063,predict_proba,0.0,0
RF,GG0057,1,CVB0053,0.6083863410275405,0.5972064640292064,0.07272237635690769,predict_proba,1.0,1
RF,GG0058,1,CVB0054,0.47955494986430924,0.5104134286278065,0.061183113416618876,predict_proba,1.0,1
RF,GG0059,1,CVB0055,0.5434785783231257,0.5143076802156248,0.05283147786893676,predict_proba,1.0,1
RF,GG0061,1,CVB0057,0.5838732713535367,0.6265583662225739,0.09042988092930898,predict_proba,1.0,1
RF,GG0062,1,CVB0058,0.2456443919308152,0.2281376711214835,0.0324461822303797,predict_proba,0.0,0
RF,GG0064,1,CVB0060,0.6598167829538978,0.6376224275201309,0.0714596683762926,predict_proba,1.0,1
RF,GG0065,0,CVB0061,0.01539792899705984,0.022011298623377067,0.011834288492122882,predict_proba,0.0,0
RF,GG0066,0,CVB0062,0.47578428648395343,0.5178807276924727,0.07404546974335828,predict_proba,1.0,1
RF,GG0067,0,CVB0063,0.5148518957633619,0.5040310800079219,0.07894290997170463,predict_proba,1.0,1
RF,GG0068,0,CVB0064,0.30331704384898195,0.2951641226235935,0.037115195306467404,predict_proba,0.0,0
RF,GG0069,0,CVB0065,0.3668577153629514,0.41503561921392024,0.097021619006961,predict_proba,0.3333333333333333,0
RF,GG0070,0,CVB0066,0.021910745115284513,0.02575811979778192,0.008108729230301547,predict_proba,0.0,0
RF,GG0071,0,CVB0067,0.42643915840780067,0.4269767070961403,0.011333323533305394,predict_proba,0.3333333333333333,0
RF,GG0072,0,CVB0068,0.32549488304178414,0.30940560063515304,0.09821558480315212,predict_proba,0.0,0
RF,GG0073,0,CVB0069,0.2603016478854262,0.26809466766637485,0.03382489218779024,predict_proba,0.0,0
RF,GG0074,0,CVB0070,0.17884358934583358,0.1779945005427552,0.0168517816677997,predict_proba,0.0,0
RF,GG0075,0,CVB0071,0.2265072797465537,0.22237822092502135,0.018146060025147133,predict_proba,0.0,0
RF,GG0076,0,CVB0072,0.7635869214674402,0.6979962238776757,0.12416393548121298,predict_proba,1.0,1
RF,GG0077,0,CVB0073,0.23137681161764123,0.23707579422786282,0.06221734797521954,predict_proba,0.0,0
RF,GG0078,0,CVB0074,0.0807184113735919,0.08575958499569956,0.008982956020302572,predict_proba,0.0,0
RF,GG0079,0,CVB0075,0.18223962822203832,0.17573662992340658,0.019302377383527938,predict_proba,0.0,0
RF,GG0080,0,CVB0076,0.08913194366406829,0.10406727730071585,0.03301224030973812,predict_proba,0.0,0
RF,GG0081,0,CVB0077,0.33312917460694635,0.35438647888921104,0.08165266070159845,predict_proba,0.6666666666666666,1
RF,GG0082,0,CVB0078,0.020458492213435545,0.02904895024870811,0.019758375050475133,predict_proba,0.0,0
RF,GG0083,0,CVB0079,0.17643802964275218,0.18347761888451766,0.046170242653081714,predict_proba,0.0,0
RF,GG0084,0,CVB0080,0.08517958351710675,0.09933714246141938,0.07654813246960954,predict_proba,0.0,0
RF,GG0085,0,CVB0081,0.5707648962623707,0.5680232250481505,0.05551808135564457,predict_proba,1.0,1
RF,GG0086,0,CVB0082,0.09275418619162622,0.0958469682282589,0.006635534255560046,predict_proba,0.0,0
RF,GG0087,0,CVB0083,0.5624629202863007,0.5275959310428564,0.10533915657621257,predict_proba,0.6666666666666666,1
RF,GG0088,0,CVB0084,0.05699918089359987,0.08541427630331462,0.05088169983360966,predict_proba,0.0,0
RF,GG0089,0,CVB0085,0.09360831868417088,0.08548166273618822,0.01474725872427176,predict_proba,0.0,0
RF,GG0090,0,CVB0086,0.4118125671145577,0.4119195715539253,0.04144426247803526,predict_proba,0.6666666666666666,1
RF,GG0091,0,CVB0087,0.12224298587303677,0.1356802392162887,0.05463174856248862,predict_proba,0.0,0
RF,GG0092,0,CVB0088,0.30710180703232987,0.31056118860511034,0.016331331907279704,predict_proba,0.0,0
RF,GG0093,0,CVB0089,0.29707748199489187,0.2895377842331602,0.04925436913976283,predict_proba,0.0,0
RF,GG0094,0,CVB0090,0.37658835360067944,0.3817823744817666,0.01288841293638119,predict_proba,0.0,0
RF,GG0095,0,CVB0091,0.2291891809800357,0.2652027848625675,0.06873543435204904,predict_proba,0.0,0
RF,GG0096,0,CVB0092,0.7409746108033509,0.7815175328751224,0.07188951220738077,predict_proba,1.0,1
RF,GG0097,0,CVB0093,0.6322187429048018,0.5800159186776663,0.10181492577969076,predict_proba,1.0,1
RF,GG0098,0,CVB0094,0.21543443014161184,0.19252369605629513,0.06636142464640256,predict_proba,0.0,0
RF,GG0099,0,CVB0095,0.5497333791321481,0.5457462360404509,0.08034226617323367,predict_proba,1.0,1
RF,GG0100,0,CVB0096,0.03241402122675614,0.03219604363108985,0.019226425949175282,predict_proba,0.0,0
RF,GG0101,0,CVB0097,0.0,0.004554340652823293,0.007888349405666352,predict_proba,0.0,0
RF,GG0102,0,CVB0098,0.2896411730760774,0.29483888342194225,0.021469240170184103,predict_proba,0.0,0
RF,GG0103,0,CVB0099,0.03890766034449674,0.051548097570251916,0.03804569935389307,predict_proba,0.0,0
RF,GG0104,0,CVB0100,0.22793694650862914,0.2518398809767049,0.04654284490093405,predict_proba,0.0,0
RF,GG0105,0,CVB0101,0.06915551092625473,0.06720427003810209,0.006623551304472097,predict_proba,0.0,0
RF,GG0106,0,CVB0102,0.07705879066695218,0.07555896281117966,0.011468514031168444,predict_proba,0.0,0
RF,GG0107,0,CVB0103,0.10651451044058727,0.13084008854128878,0.08165469717644322,predict_proba,0.0,0
RF,GG0108,0,CVB0104,0.08465777680367828,0.08271333407865936,0.06108040487955769,predict_proba,0.0,0
RF,GG0109,0,CVB0105,0.29695580814993516,0.2896200665569941,0.019820071945570315,predict_proba,0.0,0
RF,GG0110,0,CVB0106,0.049073815198306635,0.04673453596739038,0.028673939894373637,predict_proba,0.0,0
RF,GG0111,0,CVB0107,0.006857579107612862,0.006312276469322091,0.005258397590794145,predict_proba,0.0,0
RF,GG0112,0,CVB0108,0.07537191820748415,0.08047729401218472,0.012914444910076837,predict_proba,0.0,0
RF,GG0113,0,CVB0109,0.0023218975320050098,0.00295908443800367,0.0018458744874591739,predict_proba,0.0,0
RF,GG0114,0,CVB0110,0.2783956227760961,0.24458097669498244,0.06598635525482743,predict_proba,0.0,0
RF,GG0115,0,CVB0111,0.13469998610722364,0.14100630496843455,0.024104564610985747,predict_proba,0.0,0
RF,GG0116,0,CVB0112,0.000795261726381687,0.0007539016215100332,0.0007326929073812162,predict_proba,0.0,0
RF,GG0117,0,CVB0113,0.00267639902676399,0.003100537380126444,0.0012385407989433782,predict_proba,0.0,0
RF,GG0118,0,CVB0114,0.023253878283200653,0.02241904627346221,0.008692959355056859,predict_proba,0.0,0
RF,GG0119,0,CVB0115,0.3072609149541566,0.2960532693045817,0.023613580997840264,predict_proba,0.0,0
RF,GG0120,0,CVB0116,0.07410360193492167,0.06100376794889544,0.022992654129303028,predict_proba,0.0,0
RF,GG0121,0,CVB0117,0.09897288930977938,0.09560494357267925,0.01677055326896689,predict_proba,0.0,0
RF,GG0122,0,CVB0118,0.024201033278182148,0.03412702293316847,0.018446070384173226,predict_proba,0.0,0
RF,GG0123,0,CVB0119,0.17050185720102143,0.14890518699140465,0.0457827953536725,predict_proba,0.0,0
RF,GG0124,0,CVB0120,0.2647777000442114,0.2350924258452801,0.09877062271033415,predict_proba,0.0,0
RF,GG0125,0,CVB0121,0.0004850130953535745,0.0015635154706322716,0.0018945326327926817,predict_proba,0.0,0
RF,GG0126,0,CVB0122,0.21568825049873389,0.2199454122569371,0.01213714607284197,predict_proba,0.0,0
RF,GG0127,0,CVB0123,0.00714794409060191,0.00983421032425138,0.008131128931390523,predict_proba,0.0,0
RF,GG0128,0,CVB0124,0.29106223669207026,0.2977783528250031,0.08121181281802521,predict_proba,0.0,0
RF,GG0129,0,CVB0125,0.19049820538242074,0.18539454656994248,0.01751395718111803,predict_proba,0.0,0
SVM,GG0001,1,CVB0001,0.527342841343512,0.5155629444402866,0.14498822922392932,monotonic_transformed_decision_score_not_calibrated,1.0,1
SVM,GG0002,0,CVB0002,0.19248122215505484,0.20245002057492859,0.05559553465820278,monotonic_transformed_decision_score_not_calibrated,0.0,0
SVM,GG0003,1,CVB0003,0.5132760056921729,0.5403429482839304,0.04746180931387207,monotonic_transformed_decision_score_not_calibrated,1.0,1
SVM,GG0004,0,CVB0004,0.19791130964130335,0.15859162072497518,0.12974841149781596,monotonic_transformed_decision_score_not_calibrated,0.0,0
SVM,GG0005,0,CVB0005,0.29487506042546635,0.2864165612955595,0.06511567293370076,monotonic_transformed_decision_score_not_calibrated,0.0,0
SVM,GG0006,0,CVB0006,0.489045498162903,0.44028273006439483,0.13222741292765508,monotonic_transformed_decision_score_not_calibrated,1.0,1
SVM,GG0007,0,CVB0007,0.3043967518887144,0.312488994075881,0.02042196748388296,monotonic_transformed_decision_score_not_calibrated,0.0,0
SVM,GG0008,0,CVB0008,0.2306323578196928,0.20758141265485333,0.040490290386138356,monotonic_transformed_decision_score_not_calibrated,0.0,0
SVM,GG0009,0,CVB0009,0.24556125908853982,0.23137170395845266,0.028793608607991666,monotonic_transformed_decision_score_not_calibrated,0.0,0
SVM,GG0010,1,CVB0010,0.77047989799693,0.7734500153408619,0.008636219281481155,monotonic_transformed_decision_score_not_calibrated,1.0,1
SVM,GG0012,1,CVB0012,0.18407251879040595,0.16309337446474,0.03803566500775779,monotonic_transformed_decision_score_not_calibrated,0.0,0
SVM,GG0013,1,CVB0013,0.40421709623984614,0.411171530157836,0.03620753372570271,monotonic_transformed_decision_score_not_calibrated,0.6666666666666666,1
SVM,GG0014,1,CVB0014,0.23889355472618548,0.2395239210891517,0.05160688913574701,monotonic_transformed_decision_score_not_calibrated,0.0,0
SVM,GG0015,0,CVB0002,0.37141567316434493,0.3524468506795216,0.07108064922376357,monotonic_transformed_decision_score_not_calibrated,0.3333333333333333,0
SVM,GG0016,1,CVB0015,0.6471181819164804,0.6443132157033521,0.010243213819118954,monotonic_transformed_decision_score_not_calibrated,1.0,1
SVM,GG0018,0,CVB0016,0.18419502603337512,0.21967636559619433,0.07255728578251633,monotonic_transformed_decision_score_not_calibrated,0.0,0
SVM,GG0019,0,CVB0017,0.17049295368323752,0.1726278593234437,0.03361256434667167,monotonic_transformed_decision_score_not_calibrated,0.0,0
SVM,GG0020,1,CVB0018,0.45629854262034725,0.46931411911567694,0.028214310938159452,monotonic_transformed_decision_score_not_calibrated,1.0,1
SVM,GG0023,0,CVB0020,0.2629361201215468,0.21393307092342914,0.09698833680678637,monotonic_transformed_decision_score_not_calibrated,0.0,0
SVM,GG0024,0,CVB0021,0.4182752693537056,0.4071124816915113,0.054097518176878655,monotonic_transformed_decision_score_not_calibrated,0.3333333333333333,0
SVM,GG0025,1,CVB0022,0.7280765487312286,0.733517993712486,0.020943196823722747,monotonic_transformed_decision_score_not_calibrated,1.0,1
SVM,GG0026,1,CVB0023,0.20464375333735774,0.22170971587660973,0.031245763047547413,monotonic_transformed_decision_score_not_calibrated,0.0,0
SVM,GG0027,0,CVB0024,0.14786657903211453,0.1720385317068648,0.056157488802770425,monotonic_transformed_decision_score_not_calibrated,0.0,0
SVM,GG0028,1,CVB0025,0.474628566528275,0.4807175717854724,0.058634380764587865,monotonic_transformed_decision_score_not_calibrated,1.0,1
SVM,GG0029,0,CVB0026,0.0835333174401426,0.10874339716819865,0.12125337661862741,monotonic_transformed_decision_score_not_calibrated,0.0,0
SVM,GG0030,0,CVB0027,0.1926648174131866,0.2090927933552205,0.03211255819721125,monotonic_transformed_decision_score_not_calibrated,0.0,0
SVM,GG0031,0,CVB0028,0.20126170832705553,0.22533491875985778,0.058750521101763396,monotonic_transformed_decision_score_not_calibrated,0.0,0
SVM,GG0032,0,CVB0029,0.29475193666128663,0.2946304135658689,0.032136170835599435,monotonic_transformed_decision_score_not_calibrated,0.0,0
SVM,GG0034,1,CVB0031,0.5900522258684847,0.4910177190701268,0.1773388668678697,monotonic_transformed_decision_score_not_calibrated,1.0,1
SVM,GG0035,1,CVB0032,0.3064593864027552,0.25676403596856695,0.13049601214490814,monotonic_transformed_decision_score_not_calibrated,0.0,0
SVM,GG0036,0,CVB0033,0.26606798103571117,0.2653439996967345,0.03635477895355997,monotonic_transformed_decision_score_not_calibrated,0.0,0
SVM,GG0037,0,CVB0034,0.25652334459625836,0.265614631335934,0.049308840911313476,monotonic_transformed_decision_score_not_calibrated,0.0,0
SVM,GG0038,1,CVB0035,0.589543181473632,0.5681625766882762,0.07929066594485554,monotonic_transformed_decision_score_not_calibrated,1.0,1
SVM,GG0039,0,CVB0036,0.3564044270676991,0.38178449062696357,0.12249144877331246,monotonic_transformed_decision_score_not_calibrated,0.3333333333333333,0
SVM,GG0040,0,CVB0037,0.06250894869171437,0.07597545243290132,0.08252299858324202,monotonic_transformed_decision_score_not_calibrated,0.0,0
SVM,GG0041,1,CVB0038,0.6187910052752521,0.5695711097935011,0.20939087903118608,monotonic_transformed_decision_score_not_calibrated,1.0,1
SVM,GG0042,1,CVB0039,0.27007512307361203,0.2891754540868416,0.08521674305820306,monotonic_transformed_decision_score_not_calibrated,0.0,0
SVM,GG0043,1,CVB0040,0.5477197447973144,0.4756638932466049,0.17367989850740254,monotonic_transformed_decision_score_not_calibrated,1.0,1
SVM,GG0044,0,CVB0010,0.6528164579097818,0.6673840608234608,0.03176155935192068,monotonic_transformed_decision_score_not_calibrated,1.0,1
SVM,GG0045,1,CVB0041,0.5652944752106649,0.5640780664894228,0.009127053496272514,monotonic_transformed_decision_score_not_calibrated,1.0,1
SVM,GG0046,1,CVB0042,0.6074616632435527,0.5940689646523373,0.03909743303808432,monotonic_transformed_decision_score_not_calibrated,1.0,1
SVM,GG0047,1,CVB0043,0.44651647424811447,0.5063291847464341,0.21202473830296328,monotonic_transformed_decision_score_not_calibrated,1.0,1
SVM,GG0048,1,CVB0044,0.17835227395295059,0.1864048993428009,0.03446204295323146,monotonic_transformed_decision_score_not_calibrated,0.0,0
SVM,GG0049,1,CVB0045,0.7047913197366895,0.5821376854788906,0.2587210709963857,monotonic_transformed_decision_score_not_calibrated,1.0,1
SVM,GG0050,1,CVB0046,0.663253084292942,0.6493787277994238,0.05966583311607461,monotonic_transformed_decision_score_not_calibrated,1.0,1
SVM,GG0051,1,CVB0047,0.5146927613151643,0.5935090715501254,0.14625858035404732,monotonic_transformed_decision_score_not_calibrated,1.0,1
SVM,GG0052,1,CVB0048,0.7175806972998718,0.6956653428690102,0.07192380223332243,monotonic_transformed_decision_score_not_calibrated,1.0,1
SVM,GG0053,1,CVB0049,0.2953673946698153,0.4132635369071222,0.21756484363915704,monotonic_transformed_decision_score_not_calibrated,0.3333333333333333,0
SVM,GG0054,1,CVB0050,0.5794239289214466,0.5881379200852725,0.04275822620194243,monotonic_transformed_decision_score_not_calibrated,1.0,1
SVM,GG0055,0,CVB0051,0.38593856394141374,0.3582994584026024,0.07765949122618046,monotonic_transformed_decision_score_not_calibrated,0.0,0
SVM,GG0056,1,CVB0052,0.18180092079522597,0.15957580335642918,0.04088401778801513,monotonic_transformed_decision_score_not_calibrated,0.0,0
SVM,GG0057,1,CVB0053,0.5111708920187312,0.4830884238314031,0.13252394482905047,monotonic_transformed_decision_score_not_calibrated,1.0,1
SVM,GG0058,1,CVB0054,0.46714500339305903,0.473491633834652,0.0338836647541149,monotonic_transformed_decision_score_not_calibrated,1.0,1
SVM,GG0059,1,CVB0055,0.5197654361510866,0.5327127877446123,0.075688731453153,monotonic_transformed_decision_score_not_calibrated,0.6666666666666666,1
SVM,GG0061,1,CVB0057,0.48830327696538894,0.5243526265739912,0.08375200943458248,monotonic_transformed_decision_score_not_calibrated,1.0,1
SVM,GG0062,1,CVB0058,0.29288161417781466,0.29806324396551004,0.030390526181450814,monotonic_transformed_decision_score_not_calibrated,0.0,0
SVM,GG0064,1,CVB0060,0.5327913073044281,0.5193090157726014,0.10082058761747556,monotonic_transformed_decision_score_not_calibrated,1.0,1
SVM,GG0065,0,CVB0061,0.09456193414359236,0.09583024344868167,0.0335838140222043,monotonic_transformed_decision_score_not_calibrated,0.0,0
SVM,GG0066,0,CVB0062,0.3643261964793429,0.39206608491966516,0.08762881127091131,monotonic_transformed_decision_score_not_calibrated,0.3333333333333333,0
SVM,GG0067,0,CVB0063,0.2817246424257009,0.26359701352424597,0.13543378307698759,monotonic_transformed_decision_score_not_calibrated,0.0,0
SVM,GG0068,0,CVB0064,0.4208501762119743,0.49025455433309584,0.1596821599857184,monotonic_transformed_decision_score_not_calibrated,0.3333333333333333,0
SVM,GG0069,0,CVB0065,0.27164219790971333,0.21980746722467326,0.11655480120015799,monotonic_transformed_decision_score_not_calibrated,0.0,0
SVM,GG0070,0,CVB0066,0.09539634196406047,0.09420014007092165,0.040019520446971615,monotonic_transformed_decision_score_not_calibrated,0.0,0
SVM,GG0071,0,CVB0067,0.48530898944113615,0.4499095917051852,0.1328960555369395,monotonic_transformed_decision_score_not_calibrated,0.3333333333333333,0
SVM,GG0072,0,CVB0068,0.3819395898237799,0.3850535057861604,0.042892151001434065,monotonic_transformed_decision_score_not_calibrated,0.0,0
SVM,GG0073,0,CVB0069,0.25597804926136,0.24597624446137853,0.024196767300684083,monotonic_transformed_decision_score_not_calibrated,0.0,0
SVM,GG0074,0,CVB0070,0.29543658317152655,0.28500614027875604,0.024525976308180483,monotonic_transformed_decision_score_not_calibrated,0.0,0
SVM,GG0075,0,CVB0071,0.3783299975498352,0.3355064922556242,0.08935878895316329,monotonic_transformed_decision_score_not_calibrated,0.3333333333333333,0
SVM,GG0076,0,CVB0072,0.6925552249111414,0.6502073091145308,0.09531660833634856,monotonic_transformed_decision_score_not_calibrated,1.0,1
SVM,GG0077,0,CVB0073,0.2703487665437701,0.25537493281240503,0.04634815934574801,monotonic_transformed_decision_score_not_calibrated,0.0,0
SVM,GG0078,0,CVB0074,0.25157661206738047,0.22680789955869676,0.08095209865761357,monotonic_transformed_decision_score_not_calibrated,0.0,0
SVM,GG0079,0,CVB0075,0.3060476351202482,0.3232788039287837,0.04417921042644402,monotonic_transformed_decision_score_not_calibrated,0.3333333333333333,0
SVM,GG0080,0,CVB0076,0.10953573985169598,0.10628649179339582,0.026427639969102187,monotonic_transformed_decision_score_not_calibrated,0.0,0
SVM,GG0081,0,CVB0077,0.39642431866247874,0.3872092664166931,0.059216609596288286,monotonic_transformed_decision_score_not_calibrated,0.3333333333333333,0
SVM,GG0082,0,CVB0078,0.19121580199457788,0.2249261128958783,0.08211241365946995,monotonic_transformed_decision_score_not_calibrated,0.0,0
SVM,GG0083,0,CVB0079,0.2700754423803034,0.27095145938922466,0.09581491160468328,monotonic_transformed_decision_score_not_calibrated,0.0,0
SVM,GG0084,0,CVB0080,0.24480962812031137,0.240966699209853,0.07079293967253264,monotonic_transformed_decision_score_not_calibrated,0.0,0
SVM,GG0085,0,CVB0081,0.6308162031706195,0.6017079439325131,0.05538689769606587,monotonic_transformed_decision_score_not_calibrated,1.0,1
SVM,GG0086,0,CVB0082,0.13387915308270404,0.14257401435098482,0.01782282781437536,monotonic_transformed_decision_score_not_calibrated,0.0,0
SVM,GG0087,0,CVB0083,0.3699229965356665,0.35056585857083844,0.05453245610897332,monotonic_transformed_decision_score_not_calibrated,0.3333333333333333,0
SVM,GG0088,0,CVB0084,0.211224797310504,0.15543968513981773,0.106962851045836,monotonic_transformed_decision_score_not_calibrated,0.0,0
SVM,GG0089,0,CVB0085,0.1595198435064392,0.15630210642112405,0.05078769346028903,monotonic_transformed_decision_score_not_calibrated,0.0,0
SVM,GG0090,0,CVB0086,0.3961365938619769,0.41564102810573683,0.06998927453557235,monotonic_transformed_decision_score_not_calibrated,0.3333333333333333,0
SVM,GG0091,0,CVB0087,0.27093402090206403,0.23354684516499016,0.06578256090548186,monotonic_transformed_decision_score_not_calibrated,0.0,0
SVM,GG0092,0,CVB0088,0.3125150448386573,0.3140249345362876,0.04091709762935525,monotonic_transformed_decision_score_not_calibrated,0.0,0
SVM,GG0093,0,CVB0089,0.3369964861400098,0.31884067292946766,0.044773262542554794,monotonic_transformed_decision_score_not_calibrated,0.0,0
SVM,GG0094,0,CVB0090,0.2909037596095953,0.3195083246783546,0.12414412139681778,monotonic_transformed_decision_score_not_calibrated,0.3333333333333333,0
SVM,GG0095,0,CVB0091,0.33862519927563167,0.3564124467327115,0.049087326141395,monotonic_transformed_decision_score_not_calibrated,0.0,0
SVM,GG0096,0,CVB0092,0.777849755641344,0.7609968073498257,0.03098381292735559,monotonic_transformed_decision_score_not_calibrated,1.0,1
SVM,GG0097,0,CVB0093,0.31516899802507603,0.3477109332025006,0.08864943801431233,monotonic_transformed_decision_score_not_calibrated,0.3333333333333333,0
SVM,GG0098,0,CVB0094,0.23228155175301812,0.23934518184817086,0.0486430196960074,monotonic_transformed_decision_score_not_calibrated,0.0,0
SVM,GG0099,0,CVB0095,0.6824669115001446,0.6497791963691181,0.1320191387866899,monotonic_transformed_decision_score_not_calibrated,1.0,1
SVM,GG0100,0,CVB0096,0.25046182415190005,0.20799295874454518,0.08236117919378072,monotonic_transformed_decision_score_not_calibrated,0.0,0
SVM,GG0101,0,CVB0097,0.12045880737027218,0.11910751937067736,0.04805284523840205,monotonic_transformed_decision_score_not_calibrated,0.0,0
SVM,GG0102,0,CVB0098,0.5769556298862555,0.5819857405862127,0.06616498610202647,monotonic_transformed_decision_score_not_calibrated,1.0,1
SVM,GG0103,0,CVB0099,0.18930851747642347,0.18138823923954964,0.08669901627389905,monotonic_transformed_decision_score_not_calibrated,0.0,0
SVM,GG0104,0,CVB0100,0.28724815235645934,0.29085454537733313,0.07270289612267312,monotonic_transformed_decision_score_not_calibrated,0.0,0
SVM,GG0105,0,CVB0101,0.07917087193419385,0.11571462447777477,0.09858656415090211,monotonic_transformed_decision_score_not_calibrated,0.0,0
SVM,GG0106,0,CVB0102,0.11058938816812847,0.10175230315689893,0.023599539204989656,monotonic_transformed_decision_score_not_calibrated,0.0,0
SVM,GG0107,0,CVB0103,0.27188474442070226,0.23937517802006414,0.06531609182162158,monotonic_transformed_decision_score_not_calibrated,0.0,0
SVM,GG0108,0,CVB0104,0.29546449959917526,0.30735936356266236,0.05313498112007409,monotonic_transformed_decision_score_not_calibrated,0.0,0
SVM,GG0109,0,CVB0105,0.29097483369750227,0.27855908841373594,0.026948455992435047,monotonic_transformed_decision_score_not_calibrated,0.0,0
SVM,GG0110,0,CVB0106,0.06976967950942245,0.08246903821508056,0.027624399121973398,monotonic_transformed_decision_score_not_calibrated,0.0,0
SVM,GG0111,0,CVB0107,0.06113716286771553,0.11750887699083751,0.10757309608380547,monotonic_transformed_decision_score_not_calibrated,0.0,0
SVM,GG0112,0,CVB0108,0.2102461153421674,0.22413683447533936,0.03109186613516912,monotonic_transformed_decision_score_not_calibrated,0.0,0
SVM,GG0113,0,CVB0109,0.12290825798174404,0.15346623262960238,0.09154150593097575,monotonic_transformed_decision_score_not_calibrated,0.0,0
SVM,GG0114,0,CVB0110,0.3553872326565004,0.38903055738756437,0.06149834198297788,monotonic_transformed_decision_score_not_calibrated,0.6666666666666666,1
SVM,GG0115,0,CVB0111,0.2646829991110023,0.20970229964765338,0.09902117997909698,monotonic_transformed_decision_score_not_calibrated,0.0,0
SVM,GG0116,0,CVB0112,0.10299583456300535,0.10407165591582884,0.04751528191819982,monotonic_transformed_decision_score_not_calibrated,0.0,0
SVM,GG0117,0,CVB0113,0.08621962943026999,0.07643498866485295,0.04488311264861115,monotonic_transformed_decision_score_not_calibrated,0.0,0
SVM,GG0118,0,CVB0114,0.17161210320635434,0.15290650264916106,0.11765335418974728,monotonic_transformed_decision_score_not_calibrated,0.0,0
SVM,GG0119,0,CVB0115,0.3550996236696067,0.3419102625607147,0.03637068032684852,monotonic_transformed_decision_score_not_calibrated,0.3333333333333333,0
SVM,GG0120,0,CVB0116,0.20094124150320208,0.18267901828736324,0.07939762342632962,monotonic_transformed_decision_score_not_calibrated,0.0,0
SVM,GG0121,0,CVB0117,0.19979870279736933,0.191698668931045,0.018525102004277157,monotonic_transformed_decision_score_not_calibrated,0.0,0
SVM,GG0122,0,CVB0118,0.16277103159671685,0.14287584742356296,0.04331500440465875,monotonic_transformed_decision_score_not_calibrated,0.0,0
SVM,GG0123,0,CVB0119,0.26922234039274767,0.2471651705940147,0.04451446258046042,monotonic_transformed_decision_score_not_calibrated,0.0,0
SVM,GG0124,0,CVB0120,0.22654896648189934,0.2565207045377786,0.05753832386397656,monotonic_transformed_decision_score_not_calibrated,0.0,0
SVM,GG0125,0,CVB0121,0.04438812908089817,0.044536616003570915,0.04114165946447861,monotonic_transformed_decision_score_not_calibrated,0.0,0
SVM,GG0126,0,CVB0122,0.24008436549100198,0.22332410691081753,0.07139693158892325,monotonic_transformed_decision_score_not_calibrated,0.0,0
SVM,GG0127,0,CVB0123,0.17429961774290084,0.1763122257535186,0.046461135903835646,monotonic_transformed_decision_score_not_calibrated,0.0,0
SVM,GG0128,0,CVB0124,0.43140213729701077,0.3715407550855885,0.172384231058114,monotonic_transformed_decision_score_not_calibrated,0.3333333333333333,0
SVM,GG0129,0,CVB0125,0.24884616687342687,0.1962383838671583,0.10905175506195056,monotonic_transformed_decision_score_not_calibrated,0.0,0
XGBoost,GG0001,1,CVB0001,0.25389060378074646,0.3661706844965617,0.20817387889126596,predict_proba,0.3333333333333333,0
XGBoost,GG0002,0,CVB0002,0.002056105062365532,0.003340469324029982,0.0023908918381141393,predict_proba,0.0,0
XGBoost,GG0003,1,CVB0003,0.39292773604393005,0.49577100078264874,0.22209226565014037,predict_proba,0.3333333333333333,0
XGBoost,GG0004,0,CVB0004,0.0019834369886666536,0.0022119134082458913,0.0018074562499454643,predict_proba,0.0,0
XGBoost,GG0005,0,CVB0005,0.279457688331604,0.3305322304368019,0.26784460266283244,predict_proba,0.0,0
XGBoost,GG0006,0,CVB0006,0.5398658215999603,0.5530393371979395,0.24625579861985888,predict_proba,0.6666666666666666,1
XGBoost,GG0007,0,CVB0007,0.20249894261360168,0.19275632003943124,0.1044100835827614,predict_proba,0.0,0
XGBoost,GG0008,0,CVB0008,0.04872894287109375,0.04387727069358031,0.018436822795488212,predict_proba,0.0,0
XGBoost,GG0009,0,CVB0009,0.00013691357162315398,0.0001722898438553481,0.00014604491725988771,predict_proba,0.0,0
XGBoost,GG0010,1,CVB0010,0.9382050037384033,0.9369873205820719,0.011655153929800427,predict_proba,1.0,1
XGBoost,GG0012,1,CVB0012,0.013382756151258945,0.019983523059636354,0.015878474832252774,predict_proba,0.0,0
XGBoost,GG0013,1,CVB0013,0.343349426984787,0.35852084557215375,0.1414183314589128,predict_proba,1.0,1
XGBoost,GG0014,1,CVB0014,0.14829441905021667,0.1699695885181427,0.04473947048805107,predict_proba,0.0,0
XGBoost,GG0015,0,CVB0002,0.037729036062955856,0.036840775360663734,0.0034804194329485236,predict_proba,0.0,0
XGBoost,GG0016,1,CVB0015,0.4853673577308655,0.4657926758130391,0.04474132920607622,predict_proba,0.6666666666666666,1
XGBoost,GG0018,0,CVB0016,0.0003809936170000583,0.0004083231615368277,0.0003574484184356103,predict_proba,0.0,0
XGBoost,GG0019,0,CVB0017,0.00037814336246810853,0.0010267902786533039,0.001167886213882593,predict_proba,0.0,0
XGBoost,GG0020,1,CVB0018,0.3786222040653229,0.4017353653907776,0.049043813570855334,predict_proba,0.6666666666666666,1
XGBoost,GG0023,0,CVB0020,0.023387467488646507,0.03849596359456579,0.036077081971283606,predict_proba,0.0,0
XGBoost,GG0024,0,CVB0021,0.1683991402387619,0.24224832405646643,0.1706524593930254,predict_proba,0.3333333333333333,0
XGBoost,GG0025,1,CVB0022,0.8227010071277618,0.8406078020731608,0.04280658886618028,predict_proba,1.0,1
XGBoost,GG0026,1,CVB0023,0.07273246720433235,0.06904056978722413,0.0277239666497853,predict_proba,0.0,0
XGBoost,GG0027,0,CVB0024,0.001821089768782258,0.01241482588617752,0.01853529656329667,predict_proba,0.0,0
XGBoost,GG0028,1,CVB0025,0.29686808586120605,0.2861839383840561,0.12271057478742635,predict_proba,0.6666666666666666,1
XGBoost,GG0029,0,CVB0026,0.001134723424911499,0.0010269454505760223,0.0006170057669467323,predict_proba,0.0,0
XGBoost,GG0030,0,CVB0027,0.003899628296494484,0.004232835878307621,0.002005505465478657,predict_proba,0.0,0
XGBoost,GG0031,0,CVB0028,0.00967601255979389,0.013010146523204943,0.008166129919833611,predict_proba,0.0,0
XGBoost,GG0032,0,CVB0029,0.020314106717705727,0.06277737611283858,0.08381514267097512,predict_proba,0.0,0
XGBoost,GG0034,1,CVB0031,0.636449933052063,0.5580442845821381,0.16518004164868305,predict_proba,1.0,1
XGBoost,GG0035,1,CVB0032,0.1975325345993042,0.21876006262997785,0.19089372160692056,predict_proba,0.3333333333333333,0
XGBoost,GG0036,0,CVB0033,0.010454208124428988,0.012144591038425764,0.005049010315154984,predict_proba,0.0,0
XGBoost,GG0037,0,CVB0034,0.003381314338184893,0.009740941944376877,0.011960964993135984,predict_proba,0.0,0
XGBoost,GG0038,1,CVB0035,0.6971415281295776,0.6720735927422842,0.07164515038080346,predict_proba,1.0,1
XGBoost,GG0039,0,CVB0036,0.18673771619796753,0.19186540941397348,0.04435232353861946,predict_proba,0.0,0
XGBoost,GG0040,0,CVB0037,0.0002865968563128263,0.009752545859858705,0.016529933931805203,predict_proba,0.0,0
XGBoost,GG0041,1,CVB0038,0.7802271842956543,0.7969412604967753,0.030985426260900336,predict_proba,1.0,1
XGBoost,GG0042,1,CVB0039,0.05627857521176338,0.0888877809047699,0.08168803501280171,predict_proba,0.0,0
XGBoost,GG0043,1,CVB0040,0.764604777097702,0.8027703662713369,0.12316478738799076,predict_proba,1.0,1
XGBoost,GG0044,0,CVB0010,0.9247075617313385,0.9365336894989014,0.0238864434120014,predict_proba,1.0,1
XGBoost,GG0045,1,CVB0041,0.6503052711486816,0.5516905685265859,0.2178078611062046,predict_proba,0.6666666666666666,1
XGBoost,GG0046,1,CVB0042,0.6788123548030853,0.6523047238588333,0.10008686266661682,predict_proba,1.0,1
XGBoost,GG0047,1,CVB0043,0.940498948097229,0.9302363991737366,0.019320312314662857,predict_proba,1.0,1
XGBoost,GG0048,1,CVB0044,0.006561941234394908,0.013806528295390308,0.014636123225882943,predict_proba,0.0,0
XGBoost,GG0049,1,CVB0045,0.7444203794002533,0.7795799473921458,0.07567828771466915,predict_proba,1.0,1
XGBoost,GG0050,1,CVB0046,0.8603455722332001,0.832279215256373,0.14321362127583392,predict_proba,1.0,1
XGBoost,GG0051,1,CVB0047,0.7229850888252258,0.6726558804512024,0.13209382728291236,predict_proba,1.0,1
XGBoost,GG0052,1,CVB0048,0.9332626461982727,0.8196328083674113,0.20299585334913522,predict_proba,1.0,1
XGBoost,GG0053,1,CVB0049,0.5628208518028259,0.49158793687820435,0.19441898903742744,predict_proba,1.0,1
XGBoost,GG0054,1,CVB0050,0.7343222498893738,0.6945718924204508,0.0926474424994724,predict_proba,1.0,1
XGBoost,GG0055,0,CVB0051,0.06045127660036087,0.11799080421527226,0.1068568312846195,predict_proba,0.3333333333333333,0
XGBoost,GG0056,1,CVB0052,0.026921221986413002,0.03031270143886407,0.017068697096545675,predict_proba,0.0,0
XGBoost,GG0057,1,CVB0053,0.7174994349479675,0.7124854276577631,0.17342664539050437,predict_proba,0.6666666666666666,1
XGBoost,GG0058,1,CVB0054,0.4696038067340851,0.5095893839995066,0.1285540847782269,predict_proba,1.0,1
XGBoost,GG0059,1,CVB0055,0.7896480560302734,0.6519725422064463,0.25497339394778273,predict_proba,1.0,1
XGBoost,GG0061,1,CVB0057,0.6461233496665955,0.6474076509475708,0.15283741942857698,predict_proba,1.0,1
XGBoost,GG0062,1,CVB0058,0.028622977435588837,0.033291952684521675,0.0132974096927046,predict_proba,0.0,0
XGBoost,GG0064,1,CVB0060,0.9611086249351501,0.9465967019399008,0.027525655731497026,predict_proba,1.0,1
XGBoost,GG0065,0,CVB0061,0.0002668546512722969,0.00032550499114828807,0.0002198325263810022,predict_proba,0.0,0
XGBoost,GG0066,0,CVB0062,0.3697233200073242,0.3262989322344462,0.17389014194493832,predict_proba,0.3333333333333333,0
XGBoost,GG0067,0,CVB0063,0.18124796450138092,0.19652539988358816,0.13935658555860106,predict_proba,0.0,0
XGBoost,GG0068,0,CVB0064,0.10403154045343399,0.11225355292359988,0.05948287909785824,predict_proba,0.0,0
XGBoost,GG0069,0,CVB0065,0.2582787945866585,0.231742512434721,0.11287758930763091,predict_proba,0.3333333333333333,0
XGBoost,GG0070,0,CVB0066,0.0015924260951578617,0.003930297233940412,0.004057350650788879,predict_proba,0.0,0
XGBoost,GG0071,0,CVB0067,0.2116682007908821,0.19807078316807747,0.07012836125605065,predict_proba,0.0,0
XGBoost,GG0072,0,CVB0068,0.1263413242995739,0.12257485712567966,0.013469707381649477,predict_proba,0.0,0
XGBoost,GG0073,0,CVB0069,0.02281350828707218,0.02415915330251058,0.004935634036392454,predict_proba,0.0,0
XGBoost,GG0074,0,CVB0070,0.008095541037619114,0.04897488067702701,0.0764191789332656,predict_proba,0.0,0
XGBoost,GG0075,0,CVB0071,0.17629499500617385,0.18141170569773143,0.0925111295399013,predict_proba,0.0,0
XGBoost,GG0076,0,CVB0072,0.8049400746822357,0.8108808298905691,0.017595422037885756,predict_proba,1.0,1
XGBoost,GG0077,0,CVB0073,0.08061050623655319,0.07553681048254172,0.06579288724691998,predict_proba,0.0,0
XGBoost,GG0078,0,CVB0074,0.01451309397816658,0.018493675471593935,0.00854722872539381,predict_proba,0.0,0
XGBoost,GG0079,0,CVB0075,0.02904980257153511,0.06132007762789726,0.06061162974605928,predict_proba,0.0,0
XGBoost,GG0080,0,CVB0076,0.0027112964307889342,0.0023473399536063275,0.0006399254955117055,predict_proba,0.0,0
XGBoost,GG0081,0,CVB0077,0.06370355933904648,0.15038182400166988,0.18015673703363017,predict_proba,0.0,0
XGBoost,GG0082,0,CVB0078,0.009452522732317448,0.008625352134307226,0.004667921870315801,predict_proba,0.0,0
XGBoost,GG0083,0,CVB0079,0.029898121021687984,0.03264487845202287,0.029649302923425522,predict_proba,0.0,0
XGBoost,GG0084,0,CVB0080,0.003667627985123545,0.03040837121079676,0.04848719574711263,predict_proba,0.0,0
XGBoost,GG0085,0,CVB0081,0.4116891622543335,0.46040821572144824,0.12843460820206842,predict_proba,0.6666666666666666,1
XGBoost,GG0086,0,CVB0082,0.004307333379983902,0.003695567798179885,0.0030299904833499484,predict_proba,0.0,0
XGBoost,GG0087,0,CVB0083,0.33209264278411865,0.38872940341631573,0.281928780521342,predict_proba,0.6666666666666666,1
XGBoost,GG0088,0,CVB0084,0.010270381346344948,0.04199365091820558,0.0597935248594835,predict_proba,0.0,0
XGBoost,GG0089,0,CVB0085,0.00591487530618906,0.004548988111006717,0.00332394029170258,predict_proba,0.0,0
XGBoost,GG0090,0,CVB0086,0.18274297565221786,0.21982166667779288,0.13844363253419587,predict_proba,0.6666666666666666,1
XGBoost,GG0091,0,CVB0087,0.00682087242603302,0.006986837989340226,0.0018682285687889363,predict_proba,0.0,0
XGBoost,GG0092,0,CVB0088,0.08845192193984985,0.08589330563942592,0.01622806619812315,predict_proba,0.0,0
XGBoost,GG0093,0,CVB0089,0.32255619764328003,0.29858728249867755,0.046797842535903474,predict_proba,0.0,0
XGBoost,GG0094,0,CVB0090,0.107338085770607,0.12020718554655711,0.05270302875354449,predict_proba,0.0,0
XGBoost,GG0095,0,CVB0091,0.005348659586161375,0.01804082569045325,0.02442764879312393,predict_proba,0.0,0
XGBoost,GG0096,0,CVB0092,0.9886541366577148,0.9848759969075521,0.008718181874080924,predict_proba,1.0,1
XGBoost,GG0097,0,CVB0093,0.5719828605651855,0.633162314693133,0.18240512997796335,predict_proba,0.6666666666666666,1
XGBoost,GG0098,0,CVB0094,0.0954015851020813,0.10047619557008147,0.08880665758709552,predict_proba,0.0,0
XGBoost,GG0099,0,CVB0095,0.5972347855567932,0.5642800629138947,0.2592694980514679,predict_proba,1.0,1
XGBoost,GG0100,0,CVB0096,0.0005044119316153228,0.0014983804333799828,0.0017816535692315738,predict_proba,0.0,0
XGBoost,GG0101,0,CVB0097,0.00011826840636786073,0.007988201643456705,0.013678633922722375,predict_proba,0.0,0
XGBoost,GG0102,0,CVB0098,0.2845727875828743,0.28060445189476013,0.05773189504897509,predict_proba,0.3333333333333333,0
XGBoost,GG0103,0,CVB0099,0.004479813505895436,0.004390158942745377,0.0031922705584756113,predict_proba,0.0,0
XGBoost,GG0104,0,CVB0100,0.0751747414469719,0.09306799061596394,0.0702602063396469,predict_proba,0.0,0
XGBoost,GG0105,0,CVB0101,0.005337212234735489,0.01264042523689568,0.014262838129984754,predict_proba,0.0,0
XGBoost,GG0106,0,CVB0102,0.009246572619304061,0.00911552175724258,0.007931353408804465,predict_proba,0.0,0
XGBoost,GG0107,0,CVB0103,0.0063443719409406185,0.042005009949207306,0.06526721420722607,predict_proba,0.0,0
XGBoost,GG0108,0,CVB0104,0.0007709877099841833,0.003659243360743858,0.005257346216808218,predict_proba,0.0,0
XGBoost,GG0109,0,CVB0105,0.0446300245821476,0.07211642852053046,0.08281812316164236,predict_proba,0.0,0
XGBoost,GG0110,0,CVB0106,0.0004780600138474256,0.0004969240799255203,0.00047139852583677526,predict_proba,0.0,0
XGBoost,GG0111,0,CVB0107,2.7778818548540585e-05,7.91668462625239e-05,9.65507138082195e-05,predict_proba,0.0,0
XGBoost,GG0112,0,CVB0108,0.003048940794542432,0.004433470079675317,0.004007918794591044,predict_proba,0.0,0
XGBoost,GG0113,0,CVB0109,0.0004743271565530449,0.00044370208100493375,0.0001858352327114857,predict_proba,0.0,0
XGBoost,GG0114,0,CVB0110,0.20727930217981339,0.21975697204470634,0.08884483854328969,predict_proba,0.0,0
XGBoost,GG0115,0,CVB0111,0.020769553259015083,0.01981198601424694,0.010662109090572643,predict_proba,0.0,0
XGBoost,GG0116,0,CVB0112,1.9598612198024057e-05,0.00013374882413093778,0.00019864985782702536,predict_proba,0.0,0
XGBoost,GG0117,0,CVB0113,0.00010199800817645155,0.00010240101498008396,5.5936128049024334e-05,predict_proba,0.0,0
XGBoost,GG0118,0,CVB0114,0.0005469798343256116,0.0011499212414491922,0.00119198539271183,predict_proba,0.0,0
XGBoost,GG0119,0,CVB0115,0.1706727296113968,0.16483154892921448,0.07085979677004628,predict_proba,0.0,0
XGBoost,GG0120,0,CVB0116,0.011027861386537552,0.010071575796852509,0.0029106997957446083,predict_proba,0.0,0
XGBoost,GG0121,0,CVB0117,0.007023491431027651,0.009035278499747315,0.006626828761876825,predict_proba,0.0,0
XGBoost,GG0122,0,CVB0118,0.0013639519456773996,0.0019838817145985863,0.0016528388434457952,predict_proba,0.0,0
XGBoost,GG0123,0,CVB0119,0.1110236644744873,0.09379779174923897,0.04252178601301349,predict_proba,0.0,0
XGBoost,GG0124,0,CVB0120,0.03700162470340729,0.073861638084054,0.09113220126114793,predict_proba,0.0,0
XGBoost,GG0125,0,CVB0121,0.00036351119342725724,0.00036661854149618495,6.984292027807366e-05,predict_proba,0.0,0
XGBoost,GG0126,0,CVB0122,0.010600009001791477,0.056381342156479754,0.08445856736068094,predict_proba,0.0,0
XGBoost,GG0127,0,CVB0123,0.0007224314613267779,0.0009948636822324868,0.001106731271851727,predict_proba,0.0,0
XGBoost,GG0128,0,CVB0124,0.18035513162612915,0.28118521968523663,0.19370074347997696,predict_proba,0.3333333333333333,0
XGBoost,GG0129,0,CVB0125,0.049155171029269695,0.05180171442528566,0.024129759743681894,predict_proba,0.0,0
