model,outer_fold_id,analysis_protocol_hash,evaluation_unit,convergence_warning_count,n,macro_f1,balanced_accuracy,macro_ovr_auc,precision_I,recall_I,f1_I,support_I,precision_A,recall_A,f1_A,support_A,precision_S,recall_S,f1_S,support_S,record_n,record_macro_f1,record_balanced_accuracy,record_macro_ovr_auc,record_precision_I,record_recall_I,record_f1_I,record_support_I,record_precision_A,record_recall_A,record_f1_A,record_support_A,record_precision_S,record_recall_S,record_f1_S,record_support_S
RF,1,A2CFC6311C185EAA2F17BA13E733D522713F64F2850C50F6EEF6E4CE1F592221,geological_group_by_reported_type_stratum,0,8,0.4090909090909091,0.4444444444444444,0.7801587301587302,1.0,0.3333333333333333,0.5,3,0.0,0.0,0.0,1,0.5714285714285714,1.0,0.7272727272727273,4,197,0.23699470899470898,0.3394091288828131,0.6425757794454405,0.6666666666666666,0.07017543859649122,0.12698412698412698,114,0.0,0.0,0.0,6,0.42196531791907516,0.948051948051948,0.584,77
SVM,1,A2CFC6311C185EAA2F17BA13E733D522713F64F2850C50F6EEF6E4CE1F592221,geological_group_by_reported_type_stratum,0,8,0.611111111111111,0.6944444444444443,0.9375,1.0,0.3333333333333333,0.5,3,0.5,1.0,0.6666666666666666,1,0.6,0.75,0.6666666666666666,4,197,0.526759237260544,0.6782106782106783,0.8094765902913621,0.8260869565217391,0.5,0.6229508196721312,114,0.23809523809523808,0.8333333333333334,0.37037037037037035,6,0.5046728971962616,0.7012987012987013,0.5869565217391305,77
MLP,1,A2CFC6311C185EAA2F17BA13E733D522713F64F2850C50F6EEF6E4CE1F592221,geological_group_by_reported_type_stratum,0,8,0.4090909090909091,0.4444444444444444,0.5839285714285715,1.0,0.3333333333333333,0.5,3,0.0,0.0,0.0,1,0.5714285714285714,1.0,0.7272727272727273,4,197,0.29324894514767935,0.32581453634085217,0.5527465161080084,0.6818181818181818,0.2631578947368421,0.379746835443038,114,0.0,0.0,0.0,6,0.38461538461538464,0.7142857142857143,0.5,77
XGBoost,1,A2CFC6311C185EAA2F17BA13E733D522713F64F2850C50F6EEF6E4CE1F592221,geological_group_by_reported_type_stratum,0,8,0.4000000000000001,0.4444444444444444,0.8009920634920635,0.5,0.3333333333333333,0.4,3,0.0,0.0,0.0,1,0.6666666666666666,1.0,0.8,4,197,0.23725490196078433,0.31787802840434415,0.6273538356508707,0.5,0.09649122807017543,0.16176470588235295,114,0.0,0.0,0.0,6,0.4049079754601227,0.8571428571428571,0.55,77
RF,2,A2CFC6311C185EAA2F17BA13E733D522713F64F2850C50F6EEF6E4CE1F592221,geological_group_by_reported_type_stratum,0,16,0.6722222222222222,0.6746031746031745,0.8108262108262109,0.75,0.5,0.6,6,0.6666666666666666,0.6666666666666666,0.6666666666666666,3,0.6666666666666666,0.8571428571428571,0.75,7,439,0.5359685108376208,0.5790369400338299,0.7187825200015734,0.6,0.39,0.4727272727272727,100,0.24242424242424243,0.5853658536585366,0.34285714285714286,41,0.8254545454545454,0.761744966442953,0.7923211169284468,298
SVM,2,A2CFC6311C185EAA2F17BA13E733D522713F64F2850C50F6EEF6E4CE1F592221,geological_group_by_reported_type_stratum,0,16,0.5091036414565826,0.5634920634920634,0.7414122914122915,0.5,0.16666666666666666,0.25,6,0.5,0.6666666666666666,0.5714285714285714,3,0.6,0.8571428571428571,0.7058823529411765,7,439,0.3768213638324119,0.4475156872374093,0.6466263437327723,0.33962264150943394,0.18,0.23529411764705882,100,0.15384615384615385,0.5853658536585366,0.2436548223350254,41,0.7478260869565218,0.5771812080536913,0.6515151515151515,298
MLP,2,A2CFC6311C185EAA2F17BA13E733D522713F64F2850C50F6EEF6E4CE1F592221,geological_group_by_reported_type_stratum,0,16,0.6904761904761906,0.6746031746031745,0.8485347985347985,0.625,0.8333333333333334,0.7142857142857143,6,1.0,0.3333333333333333,0.5,3,0.8571428571428571,0.8571428571428571,0.8571428571428571,7,439,0.5825683199507228,0.6157205216347466,0.7623024292244036,0.4957983193277311,0.59,0.5388127853881278,100,0.3442622950819672,0.5121951219512195,0.4117647058823529,41,0.8571428571428571,0.7449664429530202,0.7971274685816876,298
XGBoost,2,A2CFC6311C185EAA2F17BA13E733D522713F64F2850C50F6EEF6E4CE1F592221,geological_group_by_reported_type_stratum,0,16,0.6257575757575758,0.6190476190476191,0.7492673992673993,0.8,0.6666666666666666,0.7272727272727273,6,0.5,0.3333333333333333,0.4,3,0.6666666666666666,0.8571428571428571,0.75,7,439,0.5192808607958589,0.558302504501555,0.7184093530679078,0.5064935064935064,0.39,0.4406779661016949,100,0.24175824175824176,0.5365853658536586,0.3333333333333333,41,0.8228782287822878,0.7483221476510067,0.7838312829525483,298
RF,3,A2CFC6311C185EAA2F17BA13E733D522713F64F2850C50F6EEF6E4CE1F592221,geological_group_by_reported_type_stratum,0,17,0.4706349206349206,0.5,0.6468253968253969,0.16666666666666666,0.5,0.25,2,0.5,0.3333333333333333,0.4,3,0.8888888888888888,0.6666666666666666,0.7619047619047619,12,420,0.40485173025177534,0.3940447799497993,0.6866692856219587,0.023952095808383235,0.2222222222222222,0.043243243243243246,18,0.6153846153846154,0.41237113402061853,0.49382716049382713,97,0.8882978723404256,0.5475409836065573,0.6774847870182555,305
SVM,3,A2CFC6311C185EAA2F17BA13E733D522713F64F2850C50F6EEF6E4CE1F592221,geological_group_by_reported_type_stratum,0,17,0.4492481203007519,0.5277777777777778,0.6714285714285714,0.16666666666666666,0.5,0.25,2,0.5,0.6666666666666666,0.5714285714285714,3,0.7142857142857143,0.4166666666666667,0.5263157894736842,12,420,0.39679966042358794,0.45811378388697976,0.6713983573318316,0.0625,0.4444444444444444,0.1095890410958904,18,0.47761194029850745,0.32989690721649484,0.3902439024390244,97,0.8133333333333334,0.6,0.690566037735849,305
MLP,3,A2CFC6311C185EAA2F17BA13E733D522713F64F2850C50F6EEF6E4CE1F592221,geological_group_by_reported_type_stratum,0,17,0.44973544973544977,0.5277777777777778,0.7380952380952381,0.14285714285714285,0.5,0.2222222222222222,2,0.5,0.6666666666666666,0.5714285714285714,3,0.8333333333333334,0.4166666666666667,0.5555555555555556,12,420,0.36188649716709476,0.4260548701481606,0.5863757216851719,0.04245283018867924,0.5,0.0782608695652174,18,0.6271186440677966,0.38144329896907214,0.47435897435897434,97,0.8120805369127517,0.39672131147540984,0.5330396475770925,305
XGBoost,3,A2CFC6311C185EAA2F17BA13E733D522713F64F2850C50F6EEF6E4CE1F592221,geological_group_by_reported_type_stratum,0,17,0.543859649122807,0.6666666666666666,0.7896825396825399,0.25,0.5,0.3333333333333333,2,0.5,1.0,0.6666666666666666,3,0.8571428571428571,0.5,0.631578947368421,12,420,0.4402245733936609,0.4894403445189317,0.7455807991311384,0.04294478527607362,0.3888888888888889,0.07734806629834254,18,0.6263736263736264,0.5876288659793815,0.6063829787234043,97,0.9036144578313253,0.4918032786885246,0.6369426751592356,305
RF,4,A2CFC6311C185EAA2F17BA13E733D522713F64F2850C50F6EEF6E4CE1F592221,geological_group_by_reported_type_stratum,0,13,0.6273504273504273,0.6428571428571429,0.8637566137566138,0.4444444444444444,1.0,0.6153846153846154,4,1.0,0.5,0.6666666666666666,2,1.0,0.42857142857142855,0.6,7,296,0.5405312844337234,0.5752154686507205,0.7597762749016356,0.5405405405405406,0.5755395683453237,0.5574912891986062,139,0.42105263157894735,0.6153846153846154,0.5,13,0.5968992248062015,0.5347222222222222,0.5641025641025641,144
SVM,4,A2CFC6311C185EAA2F17BA13E733D522713F64F2850C50F6EEF6E4CE1F592221,geological_group_by_reported_type_stratum,0,13,0.7730769230769231,0.8214285714285715,0.8306878306878307,0.75,0.75,0.75,4,0.6666666666666666,1.0,0.8,2,0.8333333333333334,0.7142857142857143,0.7692307692307693,7,296,0.6081064629154828,0.7164588841747115,0.8214826279422803,0.7027027027027027,0.7482014388489209,0.7247386759581882,139,0.25,0.7692307692307693,0.37735849056603776,13,0.8425925925925926,0.6319444444444444,0.7222222222222222,144
MLP,4,A2CFC6311C185EAA2F17BA13E733D522713F64F2850C50F6EEF6E4CE1F592221,geological_group_by_reported_type_stratum,0,13,0.6952380952380953,0.7380952380952381,0.7658730158730158,0.6666666666666666,0.5,0.5714285714285714,4,0.6666666666666666,1.0,0.8,2,0.7142857142857143,0.7142857142857143,0.7142857142857143,7,296,0.5941761739031562,0.6579774641825002,0.7716287626903156,0.6893203883495146,0.5107913669064749,0.5867768595041323,139,0.375,0.6923076923076923,0.4864864864864865,13,0.6568047337278107,0.7708333333333334,0.7092651757188498,144
XGBoost,4,A2CFC6311C185EAA2F17BA13E733D522713F64F2850C50F6EEF6E4CE1F592221,geological_group_by_reported_type_stratum,0,13,0.6944444444444443,0.7023809523809524,0.8783068783068783,0.5,0.25,0.3333333333333333,4,1.0,1.0,1.0,2,0.6666666666666666,0.8571428571428571,0.75,7,296,0.5271574064704928,0.575198815306729,0.7854178085160289,0.5842696629213483,0.37410071942446044,0.45614035087719296,139,0.4,0.6153846153846154,0.48484848484848486,13,0.5668449197860963,0.7361111111111112,0.6404833836858006,144
