study_name,model,repeat,outer_fold,selected_trial_number,parameter_hash,threshold,threshold_status,completed_trial_count,roc_auc,average_precision,fold_auc_sd,f1_at_0_5,balanced_accuracy_at_0_5,complexity,optimizer_converged_fraction,optimizer_iterations_max,optimizer_fit_cycles_max,outer_seed,inner_seed,actual_inner_folds,parameters_json
task_a_source_connected_optuna_shap_v7_3_convergence_audited_9eb1905b0d2d_RF_r1_f1,RF,1,1,34,f6eaa8254f4b2d2bc62a7945af87d62804b2bd8f985aed0baeff452631f62f8b,0.45999999999999996,constraints_met,40,0.8454081632653061,0.6606133589817191,0.07492998047263162,0.6666666666666666,0.7607142857142857,7820.0,1.0,0.0,1.0,20270815,20270915,4,"{""max_depth"": 20, ""max_features"": 0.41574092342361063, ""min_samples_leaf"": 2, ""n_estimators"": 782}"
task_a_source_connected_optuna_shap_v7_3_convergence_audited_9eb1905b0d2d_SVM_r1_f1,SVM,1,1,18,1eabd5293d0de0d20b09b2b3967fef1a35087bac10b7cb29330d5b74e8d4c83c,0.54,constraints_met,40,0.851530612244898,0.7478795163552612,0.10471613291142641,0.7547169811320755,0.8214285714285714,5.144758615898085,1.0,0.0,1.0,20270815,20270915,4,"{""C"": 15.749788003158205, ""gamma"": 0.08860023808725476}"
task_a_source_connected_optuna_shap_v7_3_convergence_audited_9eb1905b0d2d_MLP_r1_f1,MLP,1,1,20,f556307e0680cb81a2f4789e663cb6be742c39e36a755d1c0839790b3b551ac7,0.42500000000000004,constraints_met,40,0.8500000000000001,0.6827178191782288,0.11635492745389495,0.68,0.7678571428571428,57.0,1.0,668.0,2.0,20270815,20270915,4,"{""alpha"": 3.996184326885124e-06, ""hidden_layer_sizes"": [57], ""learning_rate_init"": 0.0010570588374711513}"
task_a_source_connected_optuna_shap_v7_3_convergence_audited_9eb1905b0d2d_XGBoost_r1_f1,XGBoost,1,1,22,8585aaa05cfdc45db07a6521f3455fad438715e7016e8c3af2d92b7b3190896e,0.27,constraints_met,40,0.8765306122448979,0.7550099613087795,0.07723216940561542,0.6538461538461539,0.7535714285714286,3904.0,1.0,0.0,1.0,20270815,20270915,4,"{""colsample_bytree"": 0.8151819867614247, ""gamma"": 0.31191216234110436, ""learning_rate"": 0.07556292187152198, ""max_depth"": 3, ""min_child_weight"": 2.7022211499696995, ""n_estimators"": 488, ""reg_alpha"": 0.025422996748557927, ""reg_lambda"": 0.2470359372482211, ""subsample"": 0.810858334066734}"
task_a_source_connected_optuna_shap_v7_3_convergence_audited_9eb1905b0d2d_RF_r1_f2,RF,1,2,38,524b665e7886c59d45a540381626605749f185b46449066b98b383ad21d1d842,0.475,constraints_met,40,0.8257694314032342,0.6199609094782154,0.07534515323049,0.6086956521739131,0.7240479916536254,3429.3333333333335,1.0,0.0,1.0,20270815,20271015,4,"{""max_depth"": 16, ""max_features"": 0.33847617051113776, ""min_samples_leaf"": 3, ""n_estimators"": 643}"
task_a_source_connected_optuna_shap_v7_3_convergence_audited_9eb1905b0d2d_SVM_r1_f2,SVM,1,2,35,30984325f21d7e51e97a2be857f1f9b554e5ac13110396eb44facbb335316e27,0.5,constraints_met,40,0.8268127282211789,0.6952704659501234,0.08665944141429252,0.72,0.7981220657276995,4.67746973586727,1.0,0.0,1.0,20270815,20271015,4,"{""C"": 4.882916807878598, ""gamma"": 0.09744192241072244}"
task_a_source_connected_optuna_shap_v7_3_convergence_audited_9eb1905b0d2d_MLP_r1_f2,MLP,1,2,23,2213497e33c6e472650e05b4b926ed941436053a2d75884eb2be8511d3a63ba9,0.11,constraints_met,40,0.8278560250391236,0.7020434938521507,0.11949773931621238,0.6,0.7214397496087637,160.0,1.0,77.0,1.0,20270815,20271015,4,"{""alpha"": 0.0004671563334878068, ""hidden_layer_sizes"": [83, 77], ""learning_rate_init"": 0.005620398135413517}"
task_a_source_connected_optuna_shap_v7_3_convergence_audited_9eb1905b0d2d_XGBoost_r1_f2,XGBoost,1,2,23,346ddaf5046939880747f8abfdd9d7bd219590954e73ecb9a4c5f431db560ccd,0.64,constraints_met,40,0.8523735002608241,0.6667916540519404,0.05040097195941087,0.6530612244897959,0.7540427751695358,6896.0,1.0,0.0,1.0,20270815,20271015,4,"{""colsample_bytree"": 0.6048264921173632, ""gamma"": 0.19946905888200187, ""learning_rate"": 0.0493739662907725, ""max_depth"": 3, ""min_child_weight"": 3.6306182750552916, ""n_estimators"": 862, ""reg_alpha"": 0.002405039148050681, ""reg_lambda"": 0.030421925927407525, ""subsample"": 0.8420706963420665}"
task_a_source_connected_optuna_shap_v7_3_convergence_audited_9eb1905b0d2d_RF_r1_f3,RF,1,3,11,092f683bb82138f6b36af62c8c89b40acfca1e1ff5c6887140096d88b6823f67,0.385,constraints_met,40,0.7979414951245938,0.5777832357677833,0.07988706793010125,0.4878048780487805,0.6570964247020585,2630.0,1.0,0.0,1.0,20270815,20271115,4,"{""max_depth"": null, ""max_features"": 0.3040994981169328, ""min_samples_leaf"": 9, ""n_estimators"": 789}"
task_a_source_connected_optuna_shap_v7_3_convergence_audited_9eb1905b0d2d_SVM_r1_f3,SVM,1,3,9,2f96755415e843cdb37d149418584815a6bcc5aaab4c957e97f9868cf7aef7d6,0.36,constraints_met,40,0.8304442036836402,0.6368812110181655,0.05156547783427675,0.47368421052631576,0.6519501625135428,2.694801559070731,1.0,0.0,1.0,20270815,20271115,4,"{""C"": 0.3308272939289489, ""gamma"": 0.01495925637557467}"
task_a_source_connected_optuna_shap_v7_3_convergence_audited_9eb1905b0d2d_MLP_r1_f3,MLP,1,3,6,177f6cf95b8d2ad76a0b5bf0182435344faca0311c1b3e659cab5e1b7dfba2cd,0.16,constraints_met,40,0.7973997833152763,0.6216948328582173,0.08394336208554087,0.5957446808510638,0.7199349945828819,166.0,1.0,377.0,1.0,20270815,20271115,4,"{""alpha"": 7.597970811528197e-05, ""hidden_layer_sizes"": [98, 68], ""learning_rate_init"": 0.00022050459857809624}"
task_a_source_connected_optuna_shap_v7_3_convergence_audited_9eb1905b0d2d_XGBoost_r1_f3,XGBoost,1,3,12,ef4f82564a9ba494f340b55224365edc9cfc5cba40b00edea526e21aa7f8439a,0.2,constraints_met,40,0.8228602383531961,0.6324761222442925,0.051835944855419765,0.5909090909090909,0.7147887323943662,21248.0,1.0,0.0,1.0,20270815,20271115,4,"{""colsample_bytree"": 0.6182078936491094, ""gamma"": 0.7018101112614493, ""learning_rate"": 0.1170336015430084, ""max_depth"": 5, ""min_child_weight"": 2.2138114764539507, ""n_estimators"": 664, ""reg_alpha"": 1.1727441700456089e-06, ""reg_lambda"": 0.0011594014640212635, ""subsample"": 0.7670783503490396}"
task_a_source_connected_optuna_shap_v7_3_convergence_audited_9eb1905b0d2d_RF_r1_f4,RF,1,4,18,fb80954f908f0a8fec654d7f0bd2c8e8bca916a7ee8075726d83e223782fc38a,0.395,constraints_met,40,0.8341836734693878,0.6339176078617925,0.036845172034269395,0.6153846153846154,0.7285714285714285,831.6666666666666,1.0,0.0,1.0,20270815,20271215,4,"{""max_depth"": 5, ""max_features"": 0.41915196463034327, ""min_samples_leaf"": 6, ""n_estimators"": 998}"
task_a_source_connected_optuna_shap_v7_3_convergence_audited_9eb1905b0d2d_SVM_r1_f4,SVM,1,4,32,73f9a81e69f10ff60d89c420dea462c8aa28c72f6bb372b8d127941f1caa6e3a,0.485,constraints_met,40,0.8112244897959183,0.6649595695890089,0.02982304458069486,0.6909090909090909,0.7821428571428571,3.9450163423924134,1.0,0.0,1.0,20270815,20271215,4,"{""C"": 2.6734629899727937, ""gamma"": 0.032946582177666675}"
task_a_source_connected_optuna_shap_v7_3_convergence_audited_9eb1905b0d2d_MLP_r1_f4,MLP,1,4,33,3f42412155d2efbc5c112cb100d2d5d1e427594006fe8a3a80388f5a93ebdf65,0.12000000000000001,constraints_met,40,0.810204081632653,0.6423171919518986,0.02476455737283658,0.5882352941176471,0.7107142857142856,97.0,1.0,87.0,1.0,20270815,20271215,4,"{""alpha"": 0.0001826932685568838, ""hidden_layer_sizes"": [39, 58], ""learning_rate_init"": 0.004955380324977287}"
task_a_source_connected_optuna_shap_v7_3_convergence_audited_9eb1905b0d2d_XGBoost_r1_f4,XGBoost,1,4,4,2a8b1d148acd67bb10e93abe1211393f264d78f08459ade4caba8041b6f90760,0.46499999999999997,constraints_met,40,0.8505102040816327,0.6724047041863288,0.023486840224811678,0.6909090909090909,0.7821428571428571,2460.0,1.0,0.0,1.0,20270815,20271215,4,"{""colsample_bytree"": 0.7789379391760244, ""gamma"": 0.8118660718703283, ""learning_rate"": 0.0457022486420064, ""max_depth"": 2, ""min_child_weight"": 3.4852136184325233, ""n_estimators"": 615, ""reg_alpha"": 2.4963425487125875e-06, ""reg_lambda"": 0.0059795460974147166, ""subsample"": 0.6746652679694823}"
task_a_source_connected_optuna_shap_v7_3_convergence_audited_9eb1905b0d2d_RF_r1_f5,RF,1,5,35,0a1f82f77679a88d1a356b6b4711e4b425ebd6f1115a98bac96ad1d5b1d27c16,0.49,constraints_met,40,0.8428571428571429,0.5999453552742968,0.07332969139818296,0.7307692307692307,0.8089947089947089,3592.5,1.0,0.0,1.0,20270815,20271315,4,"{""max_depth"": null, ""max_features"": 0.6781395192266195, ""min_samples_leaf"": 4, ""n_estimators"": 479}"
task_a_source_connected_optuna_shap_v7_3_convergence_audited_9eb1905b0d2d_SVM_r1_f5,SVM,1,5,27,d59f5a2979c0f15c7662a57de41f8255b1f6ef840e3687133496f4c13628c441,0.46499999999999997,constraints_met,40,0.8804232804232804,0.7201777797911169,0.06531680842607292,0.6666666666666666,0.7563492063492063,4.813838293712995,1.0,0.0,1.0,20270815,20271315,4,"{""C"": 6.686020445869481, ""gamma"": 0.09741504013610294}"
task_a_source_connected_optuna_shap_v7_3_convergence_audited_9eb1905b0d2d_MLP_r1_f5,MLP,1,5,37,acb49521732b9bcf049542a2dea5a4b7f812ac36c18c2e327600257eb9f88370,0.275,constraints_met,40,0.8835978835978835,0.7000133651006668,0.07990219588005157,0.6086956521739131,0.7235449735449735,120.0,1.0,448.0,1.0,20270815,20271315,4,"{""alpha"": 8.184860780791642e-05, ""hidden_layer_sizes"": [88, 32], ""learning_rate_init"": 0.00028790157339973483}"
task_a_source_connected_optuna_shap_v7_3_convergence_audited_9eb1905b0d2d_XGBoost_r1_f5,XGBoost,1,5,22,5f62d3872bc5b0320c77367b04fd72f500b433ab1cfe1ba74280d204b50cc69f,0.33,constraints_met,40,0.8666666666666666,0.6853952014127376,0.07898860471113063,0.72,0.7976190476190477,9344.0,1.0,0.0,1.0,20270815,20271315,4,"{""colsample_bytree"": 0.8716755412958956, ""gamma"": 0.7607855068019125, ""learning_rate"": 0.04397069247195843, ""max_depth"": 4, ""min_child_weight"": 2.02550363846712, ""n_estimators"": 584, ""reg_alpha"": 0.008750542413784838, ""reg_lambda"": 0.011024534306252939, ""subsample"": 0.8733519389343458}"
task_a_source_connected_optuna_shap_v7_3_convergence_audited_9eb1905b0d2d_RF_r2_f1,RF,2,1,21,5433d0f0a4d6ea328db2349074630567f5298b63732b314b3553fc709de342bb,0.405,constraints_met,40,0.8271221532091096,0.6297580399329321,0.15727311242367176,0.7169811320754716,0.795807453416149,4282.5,1.0,0.0,1.0,20280815,20280915,4,"{""max_depth"": null, ""max_features"": 0.36462594957577765, ""min_samples_leaf"": 4, ""n_estimators"": 571}"
task_a_source_connected_optuna_shap_v7_3_convergence_audited_9eb1905b0d2d_SVM_r2_f1,SVM,2,1,33,21d4b1502bd0fee5baf7a05de6be7be21cd926ad8b2e619d376fcf39947c84b6,0.47,constraints_met,40,0.8302277432712215,0.7064661169165474,0.12211837223635368,0.7272727272727273,0.8064182194616978,5.099591227107878,1.0,0.0,1.0,20280815,20280915,4,"{""C"": 22.931190465852698, ""gamma"": 0.0548384836529972}"
task_a_source_connected_optuna_shap_v7_3_convergence_audited_9eb1905b0d2d_MLP_r2_f1,MLP,2,1,12,a8ccb76d4be1988275ca9170a41ebb3b66b70c29fb3aa3fa6b3b4696da3bb31b,0.115,constraints_met,40,0.7748447204968945,0.6606136060934825,0.1183200653854896,0.6,0.7171325051759834,87.0,1.0,931.0,2.0,20280815,20280915,4,"{""alpha"": 0.00034434362425033105, ""hidden_layer_sizes"": [87], ""learning_rate_init"": 0.00042072145072993047}"
task_a_source_connected_optuna_shap_v7_3_convergence_audited_9eb1905b0d2d_XGBoost_r2_f1,XGBoost,2,1,38,1ece5d830ab3e8d5a297a5d654d4d15166e82c716f155d9a1f3c2508225edd93,0.345,constraints_met,40,0.7981366459627329,0.6308948819271447,0.16487547095331054,0.6666666666666666,0.7600931677018633,32448.0,1.0,0.0,1.0,20280815,20280915,4,"{""colsample_bytree"": 0.8870453340010799, ""gamma"": 0.5599120601746606, ""learning_rate"": 0.06733148645281342, ""max_depth"": 6, ""min_child_weight"": 3.076265326124655, ""n_estimators"": 507, ""reg_alpha"": 0.31336064014253057, ""reg_lambda"": 1.881455114419503, ""subsample"": 0.6026515505563366}"
task_a_source_connected_optuna_shap_v7_3_convergence_audited_9eb1905b0d2d_RF_r2_f2,RF,2,2,11,739854b091c5587619ddef5df4e1c071edd970e599b8e92d497267dde0267524,0.30500000000000005,constraints_met,40,0.867945205479452,0.7124589891017137,0.07716418838606787,0.36363636363636365,0.6063013698630138,7533.5,1.0,0.0,1.0,20280815,20281015,4,"{""max_depth"": 19, ""max_features"": 0.2725352307417509, ""min_samples_leaf"": 2, ""n_estimators"": 793}"
task_a_source_connected_optuna_shap_v7_3_convergence_audited_9eb1905b0d2d_SVM_r2_f2,SVM,2,2,33,870db6db54a1511ef97dd4ab1ea512f5183fee5d281771cfbe0954133500296a,0.44000000000000006,constraints_met,40,0.8454794520547946,0.6810785114832669,0.1191001056236056,0.6511627906976745,0.7526027397260274,4.923360372104872,1.0,0.0,1.0,20280815,20281015,4,"{""C"": 13.727417117152743, ""gamma"": 0.06105207268770093}"
task_a_source_connected_optuna_shap_v7_3_convergence_audited_9eb1905b0d2d_MLP_r2_f2,MLP,2,2,28,f5bd8ad573e263b966b7d4b69582fd468ccb1b8da8d4a2e110c5dd0c994b8aa7,0.36,constraints_met,40,0.8416438356164384,0.7563986146767744,0.0698629772476416,0.6818181818181818,0.7726027397260273,223.0,1.0,83.0,1.0,20280815,20281015,4,"{""alpha"": 0.003621551731908874, ""hidden_layer_sizes"": [134, 89], ""learning_rate_init"": 0.004320114297214992}"
task_a_source_connected_optuna_shap_v7_3_convergence_audited_9eb1905b0d2d_XGBoost_r2_f2,XGBoost,2,2,19,9c6ef1372de324832af1a3a11298ab0f70c60e7c6607f338577a7e844b51225e,0.41000000000000003,constraints_met,40,0.8619178082191781,0.7577643180865897,0.1174243950808936,0.6341463414634146,0.7394520547945205,49856.0,1.0,0.0,1.0,20280815,20281015,4,"{""colsample_bytree"": 0.865068193882466, ""gamma"": 0.8950451618472162, ""learning_rate"": 0.08244662972130862, ""max_depth"": 6, ""min_child_weight"": 6.197580375709078, ""n_estimators"": 779, ""reg_alpha"": 2.2580329882049354e-05, ""reg_lambda"": 0.0048128793538829906, ""subsample"": 0.7834340067423305}"
task_a_source_connected_optuna_shap_v7_3_convergence_audited_9eb1905b0d2d_RF_r2_f3,RF,2,3,27,5725a783a6dbc64c9e8933c2f70577610eb3bc2692dbcdc4642bdae295a9eced,0.42500000000000004,constraints_met,40,0.8514198782961461,0.7108075764963452,0.09045005467540956,0.625,0.7292089249492901,1983.3333333333333,1.0,0.0,1.0,20280815,20281115,4,"{""max_depth"": null, ""max_features"": 0.25954600919561444, ""min_samples_leaf"": 9, ""n_estimators"": 595}"
task_a_source_connected_optuna_shap_v7_3_convergence_audited_9eb1905b0d2d_SVM_r2_f3,SVM,2,3,37,9e2c18583baaab29596541e6d128ba7c354ae9991aa0a6f5bcee7ad32e0e1058,0.275,constraints_met,40,0.8600405679513186,0.7559773487660304,0.028739109344949727,0.0,0.5,1.3427918752563623,1.0,0.0,1.0,20280815,20281115,4,"{""C"": 0.01565361393862112, ""gamma"": 0.01405621517127039}"
task_a_source_connected_optuna_shap_v7_3_convergence_audited_9eb1905b0d2d_MLP_r2_f3,MLP,2,3,9,04377b3544fb54831f0fcd164b44c612854046551db5ac937020e30f0b400884,0.13,constraints_met,40,0.8742393509127789,0.7026055483532663,0.03059663556625765,0.6415094339622641,0.7416328600405679,147.0,1.0,336.0,1.0,20280815,20281115,4,"{""alpha"": 0.00980248931526368, ""hidden_layer_sizes"": [52, 95], ""learning_rate_init"": 0.00046675099727113805}"
task_a_source_connected_optuna_shap_v7_3_convergence_audited_9eb1905b0d2d_XGBoost_r2_f3,XGBoost,2,3,28,40f455f4e8aaedd0a9d3bd7cc2aee6a89380eb0e7ca14605e93e85e5c5cf4dbe,0.35,constraints_met,40,0.8762677484787018,0.7419717697378315,0.036467476141268745,0.7450980392156863,0.8055273833671399,4416.0,1.0,0.0,1.0,20280815,20281115,4,"{""colsample_bytree"": 0.7058905368047952, ""gamma"": 0.9369443645427972, ""learning_rate"": 0.06265018232904446, ""max_depth"": 3, ""min_child_weight"": 9.729658686282184, ""n_estimators"": 552, ""reg_alpha"": 0.0014765600526426821, ""reg_lambda"": 0.013988709052956705, ""subsample"": 0.8570442854977418}"
task_a_source_connected_optuna_shap_v7_3_convergence_audited_9eb1905b0d2d_RF_r2_f4,RF,2,4,35,1d19e9f34430b93b9a4a37ee4331a0c630a8a19b05607754fa0adbfd9d3cbd06,0.38,constraints_met,40,0.803338549817423,0.6686934056377001,0.10147635786170482,0.5652173913043478,0.6984872196139802,263.55555555555554,1.0,0.0,1.0,20280815,20281215,4,"{""max_depth"": 4, ""max_features"": 0.7588410654900919, ""min_samples_leaf"": 9, ""n_estimators"": 593}"
task_a_source_connected_optuna_shap_v7_3_convergence_audited_9eb1905b0d2d_SVM_r2_f4,SVM,2,4,28,9921da45a20cf250f0041e27c0ee67c30ec26f9aa822d11e73a7a602079828ff,0.355,constraints_met,40,0.7720396452790818,0.5792336020626909,0.13144628065775554,0.4888888888888889,0.6544079290558164,3.3066695037226506,1.0,0.0,1.0,20280815,20281215,4,"{""C"": 0.3414890414204056, ""gamma"": 0.059322511521855505}"
task_a_source_connected_optuna_shap_v7_3_convergence_audited_9eb1905b0d2d_MLP_r2_f4,MLP,2,4,8,152db42b91535d6040ff429b7751b78bf7ff1cd48a85d159b5eb72d908984cc5,0.19,constraints_met,40,0.7876890975482523,0.5939127474944428,0.14333526492910692,0.56,0.6958789775691183,180.0,1.0,132.0,1.0,20280815,20281215,4,"{""alpha"": 1.3960869846003476e-05, ""hidden_layer_sizes"": [79, 101], ""learning_rate_init"": 0.0013443278636171441}"
task_a_source_connected_optuna_shap_v7_3_convergence_audited_9eb1905b0d2d_XGBoost_r2_f4,XGBoost,2,4,37,5c88e068396f32f89d85756e9dbc6ab2fb26afa93a4d5569f61d74bfd99473ad,0.45499999999999996,constraints_met,40,0.8054251434533125,0.658984250481164,0.10474705615719752,0.5777777777777777,0.7055294731351069,3872.0,1.0,0.0,1.0,20280815,20281215,4,"{""colsample_bytree"": 0.873113179225201, ""gamma"": 1.6882500815074062, ""learning_rate"": 0.013041719278178682, ""max_depth"": 4, ""min_child_weight"": 3.0054449877888043, ""n_estimators"": 242, ""reg_alpha"": 1.531848218982984, ""reg_lambda"": 6.7648946012291145, ""subsample"": 0.8964787422091611}"
task_a_source_connected_optuna_shap_v7_3_convergence_audited_9eb1905b0d2d_RF_r2_f5,RF,2,5,21,32edf90ee31ea362988440603e037112ea76f0471a27477f823589ae1729b14c,0.43500000000000005,constraints_met,40,0.8570683359415754,0.6781817779627526,0.042558264493352996,0.5652173913043478,0.6984872196139802,5910.0,1.0,0.0,1.0,20280815,20281315,4,"{""max_depth"": null, ""max_features"": 0.48694362385280066, ""min_samples_leaf"": 4, ""n_estimators"": 788}"
task_a_source_connected_optuna_shap_v7_3_convergence_audited_9eb1905b0d2d_SVM_r2_f5,SVM,2,5,24,fa69ecd5b41de47936e64e6d6e9ed1d2fedc6a25eefa86cb67402c6b15170a43,0.42000000000000004,constraints_met,40,0.8393322900365153,0.6698377604636527,0.10513029816157898,0.6666666666666666,0.7610850286906625,4.02544268442204,1.0,0.0,1.0,20280815,20281315,4,"{""C"": 1.8528683341368732, ""gamma"": 0.05721662388304035}"
task_a_source_connected_optuna_shap_v7_3_convergence_audited_9eb1905b0d2d_MLP_r2_f5,MLP,2,5,14,b77615b417cf5d401441daca2e57b57a7b0ad08c21bef8e8c13fe65f670efa32,0.21500000000000002,constraints_met,40,0.854981742305686,0.649498301908169,0.09881086298655829,0.6274509803921569,0.7399582681272823,261.0,1.0,62.0,1.0,20280815,20281315,4,"{""alpha"": 1.134244940408592e-05, ""hidden_layer_sizes"": [160, 101], ""learning_rate_init"": 0.00714947401770492}"
task_a_source_connected_optuna_shap_v7_3_convergence_audited_9eb1905b0d2d_XGBoost_r2_f5,XGBoost,2,5,32,56796d49f176b4495e43225dcb173289cd9c6688936c5fede3dbd4f9365bb5e7,0.35,constraints_met,40,0.8539384454877412,0.7070979126026324,0.06669765973269888,0.5531914893617021,0.6914449660928534,49856.0,1.0,0.0,1.0,20280815,20281315,4,"{""colsample_bytree"": 0.8584125799940681, ""gamma"": 1.074691213747992, ""learning_rate"": 0.031451109311067565, ""max_depth"": 6, ""min_child_weight"": 2.3972785942726316, ""n_estimators"": 779, ""reg_alpha"": 6.8694550707322235e-06, ""reg_lambda"": 0.021671283183358044, ""subsample"": 0.9742636026930451}"
task_a_source_connected_optuna_shap_v7_3_convergence_audited_9eb1905b0d2d_RF_r3_f1,RF,3,1,28,6260831435dd564087aefb0637e210e7fbd087e38561f041a655f11da00e734f,0.43000000000000005,constraints_met,40,0.842948717948718,0.6045107697426454,0.05548583401828534,0.5909090909090909,0.7152777777777778,1233.0,1.0,0.0,1.0,20290815,20290915,4,"{""max_depth"": 18, ""max_features"": 0.32962959851610946, ""min_samples_leaf"": 12, ""n_estimators"": 822}"
task_a_source_connected_optuna_shap_v7_3_convergence_audited_9eb1905b0d2d_SVM_r3_f1,SVM,3,1,16,c0279fbf0da09f964e1982c49152adb15a1ec266b5791d48a6deb5baf354fad8,0.36,constraints_met,40,0.8808760683760684,0.6882090404067035,0.03452537148228869,0.6938775510204082,0.7852564102564102,5.309687918621126,1.0,0.0,1.0,20290815,20290915,4,"{""C"": 89.05532959935232, ""gamma"": 0.02290015372555878}"
task_a_source_connected_optuna_shap_v7_3_convergence_audited_9eb1905b0d2d_MLP_r3_f1,MLP,3,1,25,41438da2877b5db4037544808832c23ed75bb9e43e37f3150705dcd3c2b744c9,0.175,constraints_met,40,0.8803418803418803,0.6821170583525363,0.030802653058837906,0.6086956521739131,0.7275641025641025,136.0,1.0,713.0,2.0,20290815,20290915,4,"{""alpha"": 5.800723278939122e-05, ""hidden_layer_sizes"": [87, 49], ""learning_rate_init"": 0.00010176901676053681}"
task_a_source_connected_optuna_shap_v7_3_convergence_audited_9eb1905b0d2d_XGBoost_r3_f1,XGBoost,3,1,20,f4a802cdc1e43d5f56d758d699e74da4821ce57f5514d7dcb5b58cf07195fff2,0.175,constraints_met,40,0.8717948717948718,0.6712398286123992,0.05327596292492724,0.6530612244897959,0.7590811965811965,50560.0,1.0,0.0,1.0,20290815,20290915,4,"{""colsample_bytree"": 0.6772665536193749, ""gamma"": 0.03304272323175894, ""learning_rate"": 0.01518784272644713, ""max_depth"": 6, ""min_child_weight"": 4.8048076802689295, ""n_estimators"": 790, ""reg_alpha"": 0.004606661501778789, ""reg_lambda"": 0.355936477684228, ""subsample"": 0.8361999549142997}"
task_a_source_connected_optuna_shap_v7_3_convergence_audited_9eb1905b0d2d_RF_r3_f2,RF,3,2,11,830f5a626880a1ca71f261ed67a8c916e793d67c54b6efaf23e5197e1da492ad,0.45000000000000007,constraints_met,40,0.7862433862433863,0.5794202709931535,0.08051725879101497,0.6122448979591837,0.7277777777777779,3290.0,1.0,0.0,1.0,20290815,20291015,4,"{""max_depth"": 20, ""max_features"": 0.2669785318901352, ""min_samples_leaf"": 2, ""n_estimators"": 329}"
task_a_source_connected_optuna_shap_v7_3_convergence_audited_9eb1905b0d2d_SVM_r3_f2,SVM,3,2,34,6f73214161263078f75ede7e5a547558d9d2bdccc9287df681663a384df81b98,0.325,constraints_met,40,0.783068783068783,0.586065821898295,0.10036401246589803,0.0,0.5,2.145144858421546,1.0,0.0,1.0,20290815,20291015,4,"{""C"": 0.3520102286132292, ""gamma"": 0.003958163656191956}"
task_a_source_connected_optuna_shap_v7_3_convergence_audited_9eb1905b0d2d_MLP_r3_f2,MLP,3,2,13,12f4762e7810aa99bd7d6a4eefb68d7c572895c204e36c74d3b4f620965fc66f,0.195,constraints_met,40,0.7814814814814814,0.6685567347098205,0.09062523330845065,0.5531914893617021,0.6907407407407408,192.0,1.0,96.0,1.0,20290815,20291015,4,"{""alpha"": 0.0009939016664850594, ""hidden_layer_sizes"": [61, 131], ""learning_rate_init"": 0.003187994358420681}"
task_a_source_connected_optuna_shap_v7_3_convergence_audited_9eb1905b0d2d_XGBoost_r3_f2,XGBoost,3,2,37,34ceedf6a1bb29961f2328af1d5171f68f761751bb240b7ec5769fb12f9571f5,0.5,constraints_met,40,0.7867724867724868,0.6189211012221341,0.1285175366750826,0.68,0.771957671957672,14240.0,1.0,0.0,1.0,20290815,20291015,4,"{""colsample_bytree"": 0.750963379142392, ""gamma"": 0.2042509410672151, ""learning_rate"": 0.08396820986128938, ""max_depth"": 4, ""min_child_weight"": 9.423988959538825, ""n_estimators"": 890, ""reg_alpha"": 0.01863554139810163, ""reg_lambda"": 0.027189465884329987, ""subsample"": 0.9409381418772337}"
task_a_source_connected_optuna_shap_v7_3_convergence_audited_9eb1905b0d2d_RF_r3_f3,RF,3,3,37,138b42b645a52e1c9c6450b33e86be72371b7a305187b74bbc7820825358c506,0.41000000000000003,constraints_met,40,0.8427991886409736,0.6396038478304685,0.09328354563452551,0.6181818181818182,0.7269269776876268,3342.0,1.0,0.0,1.0,20290815,20291115,4,"{""max_depth"": 12, ""max_features"": 0.2933751692158595, ""min_samples_leaf"": 2, ""n_estimators"": 557}"
task_a_source_connected_optuna_shap_v7_3_convergence_audited_9eb1905b0d2d_SVM_r3_f3,SVM,3,3,31,036ae0ab6da92d9606dcff9fd9fd5c0b3f773a13d71b4c1ff7d0186c3baaaa25,0.45999999999999996,constraints_met,40,0.8417849898580122,0.676769776762827,0.048586674873482186,0.6666666666666666,0.7588742393509128,3.6769625392817873,1.0,0.0,1.0,20290815,20291115,4,"{""C"": 1.0582866092325824, ""gamma"": 0.0449016735311344}"
task_a_source_connected_optuna_shap_v7_3_convergence_audited_9eb1905b0d2d_MLP_r3_f3,MLP,3,3,12,e3eb9d7a1c02457634ee9456d23fac64fe8bc9103cca2f0a19d9aec17effe746,0.1,constraints_met,40,0.8149087221095334,0.6494128122208046,0.09995244857259555,0.5769230769230769,0.6997971602434077,116.0,1.0,499.0,1.0,20290815,20291115,4,"{""alpha"": 0.0011386490846468332, ""hidden_layer_sizes"": [37, 79], ""learning_rate_init"": 0.000256381142765306}"
task_a_source_connected_optuna_shap_v7_3_convergence_audited_9eb1905b0d2d_XGBoost_r3_f3,XGBoost,3,3,24,fa918013c1409dc959ee826802f97650202fb62bb6eb8e25b1ec88c78be5c93e,0.345,constraints_met,40,0.8493914807302231,0.644302765917991,0.05509065626474143,0.6071428571428571,0.7195740365111561,3800.0,1.0,0.0,1.0,20290815,20291115,4,"{""colsample_bytree"": 0.8596018229319556, ""gamma"": 0.32390867504680093, ""learning_rate"": 0.0656078928481388, ""max_depth"": 3, ""min_child_weight"": 2.5310868151643113, ""n_estimators"": 475, ""reg_alpha"": 0.00013240330731140027, ""reg_lambda"": 0.003533081190785931, ""subsample"": 0.9965099770559223}"
task_a_source_connected_optuna_shap_v7_3_convergence_audited_9eb1905b0d2d_RF_r3_f4,RF,3,4,19,a5a3818f75300e7f9b4e16ac8301394914e754667cc89b35d518b47853b32d4d,0.45999999999999996,constraints_met,40,0.8549817423056859,0.725429907465214,0.10925085528933826,0.6938775510204082,0.779603547209181,4110.0,1.0,0.0,1.0,20290815,20291215,4,"{""max_depth"": 20, ""max_features"": 0.25768164882983147, ""min_samples_leaf"": 2, ""n_estimators"": 411}"
task_a_source_connected_optuna_shap_v7_3_convergence_audited_9eb1905b0d2d_SVM_r3_f4,SVM,3,4,23,28f14bd0af3ae3ab5deda2a149d94846c31c46d5cc3ff9c9b19de84dca2f79bf,0.405,constraints_met,40,0.8179447052686489,0.6605324480993551,0.06989278732236878,0.6382978723404256,0.7425665101721439,2.733538588952216,1.0,0.0,1.0,20290815,20291215,4,"{""C"": 0.411720946914701, ""gamma"": 0.013140298953660033}"
task_a_source_connected_optuna_shap_v7_3_convergence_audited_9eb1905b0d2d_MLP_r3_f4,MLP,3,4,31,c449e1a278d6cac7e0960dff62ea898bc193e2cdceaa5f9362a0fd01c1d9225e,0.10500000000000001,constraints_met,40,0.8309859154929577,0.7256077251127273,0.02334365516102721,0.625,0.7355242566510172,224.0,1.0,208.0,1.0,20290815,20291215,4,"{""alpha"": 0.0002178071973198874, ""hidden_layer_sizes"": [97, 127], ""learning_rate_init"": 0.000472134433810667}"
task_a_source_connected_optuna_shap_v7_3_convergence_audited_9eb1905b0d2d_XGBoost_r3_f4,XGBoost,3,4,30,9abda8600d43251c251722bc0e6d5dceaead9da1a359ba4bd8a06cbb5ed10078,0.5,constraints_met,40,0.8607198748043818,0.7865837543224916,0.10210655254538961,0.7659574468085106,0.8192488262910798,10784.0,1.0,0.0,1.0,20290815,20291215,4,"{""colsample_bytree"": 0.6579670010592654, ""gamma"": 0.1935444580644038, ""learning_rate"": 0.03733184630389288, ""max_depth"": 4, ""min_child_weight"": 4.026703249317824, ""n_estimators"": 674, ""reg_alpha"": 1.9094663521588564e-06, ""reg_lambda"": 0.002139479140186557, ""subsample"": 0.9141905927725317}"
task_a_source_connected_optuna_shap_v7_3_convergence_audited_9eb1905b0d2d_RF_r3_f5,RF,3,5,29,800a6fadd786e2053d94fc3353b779600092d0d156fcfdf9b6b5281751ca8f93,0.325,constraints_met,40,0.8059467918622848,0.6123647758692836,0.12272804399908568,0.5333333333333333,0.6799687010954616,983.25,1.0,0.0,1.0,20290815,20291315,4,"{""max_depth"": 9, ""max_features"": 0.5527488790173543, ""min_samples_leaf"": 4, ""n_estimators"": 437}"
task_a_source_connected_optuna_shap_v7_3_convergence_audited_9eb1905b0d2d_SVM_r3_f5,SVM,3,5,28,5fa4a908761633c62a478b5a6b62e5ab4f348beacb01f913ae275df854a8b8a0,0.42500000000000004,constraints_met,40,0.7918622848200312,0.5769371600722564,0.08571195708962169,0.5416666666666666,0.6844027125717267,4.904107092009136,1.0,0.0,1.0,20290815,20291315,4,"{""C"": 60.555087337276355, ""gamma"": 0.013232087619475013}"
task_a_source_connected_optuna_shap_v7_3_convergence_audited_9eb1905b0d2d_MLP_r3_f5,MLP,3,5,7,2e5d3cd8b4df0394a14061b6bcded89de6de92f9a8b3f1197b0749ebcacb597b,0.14500000000000002,constraints_met,40,0.7986437141366718,0.577506707911249,0.08325194700757041,0.5714285714285714,0.7029212310902452,143.0,1.0,737.0,2.0,20290815,20291315,4,"{""alpha"": 0.0001142633006917424, ""hidden_layer_sizes"": [143], ""learning_rate_init"": 0.00036339938057141865}"
task_a_source_connected_optuna_shap_v7_3_convergence_audited_9eb1905b0d2d_XGBoost_r3_f5,XGBoost,3,5,39,f5fcb432771cd87cf229d688f5ab756f893357956cbe8217ffb976d534b575e8,0.13,constraints_met,40,0.8341158059467918,0.6890499727333039,0.08206310536605281,0.6222222222222222,0.7310902451747522,3408.0,1.0,0.0,1.0,20290815,20291315,4,"{""colsample_bytree"": 0.7345026325936563, ""gamma"": 0.8064450221406252, ""learning_rate"": 0.08971116107321685, ""max_depth"": 2, ""min_child_weight"": 2.4053188941515393, ""n_estimators"": 852, ""reg_alpha"": 5.48690460753303e-06, ""reg_lambda"": 0.007945372368182074, ""subsample"": 0.9262617510628204}"
