Record ID,Granite type,Geological Group ID,reported_type_normalized,filter_status
R0001,S,GG0001,S,retained
R0002,S,GG0001,S,retained
R0003,S,GG0001,S,retained
R0004,S,GG0001,S,retained
R0005,S,GG0001,S,retained
R0006,S,GG0001,S,retained
R0007,S,GG0001,S,retained
R0008,S,GG0042,S,excluded_group_protocol
R0009,S,GG0042,S,excluded_group_protocol
R0010,S,GG0042,S,excluded_group_protocol
R0011,S,GG0042,S,excluded_group_protocol
R0012,S,GG0042,S,excluded_group_protocol
R0013,S,GG0042,S,excluded_group_protocol
R0014,S,GG0042,S,excluded_group_protocol
R0015,S,GG0021,S,retained
R0016,S,GG0021,S,retained
R0017,S,GG0021,S,retained
R0018,S,GG0021,S,retained
R0019,S,GG0021,S,retained
R0020,S,GG0021,S,retained
R0021,S,GG0021,S,retained
R0022,S,GG0021,S,retained
R0023,S,GG0021,S,retained
R0024,S,GG0021,S,retained
R0025,S,GG0021,S,retained
R0026,S,GG0021,S,retained
R0027,S,GG0021,S,retained
R0028,S,GG0021,S,retained
R0029,S,GG0021,S,retained
R0030,S,GG0021,S,retained
R0031,S,GG0021,S,retained
R0032,S,GG0021,S,retained
R0033,S,GG0021,S,retained
R0034,S,GG0021,S,retained
R0035,S,GG0021,S,retained
R0036,S,GG0021,S,retained
R0037,S,GG0022,S,excluded_group_protocol
R0038,S,GG0022,S,excluded_group_protocol
R0039,S,GG0022,S,excluded_group_protocol
R0040,S,GG0022,S,excluded_group_protocol
R0041,S,GG0022,S,excluded_group_protocol
R0042,S,GG0022,S,excluded_group_protocol
R0043,S,GG0022,S,excluded_group_protocol
R0044,S,GG0022,S,excluded_group_protocol
R0045,S,GG0022,S,excluded_group_protocol
R0046,S,GG0022,S,excluded_group_protocol
R0047,S,GG0022,S,excluded_group_protocol
R0048,S,GG0022,S,excluded_group_protocol
R0049,S,GG0043,S,excluded_group_protocol
R0050,S,GG0043,S,excluded_group_protocol
R0051,S,GG0043,S,excluded_group_protocol
R0052,S,GG0043,S,excluded_group_protocol
R0053,S,GG0043,S,excluded_group_protocol
R0054,S,GG0043,S,excluded_group_protocol
R0055,S,GG0044,S,excluded_group_protocol
R0056,S,GG0044,S,excluded_group_protocol
R0057,S,GG0044,S,excluded_group_protocol
R0058,S,GG0044,S,excluded_group_protocol
R0059,S,GG0044,S,excluded_group_protocol
R0060,S,GG0021,S,retained
R0061,S,GG0021,S,retained
R0062,S,GG0021,S,retained
R0063,S,GG0021,S,retained
R0064,S,GG0021,S,retained
R0065,S,GG0021,S,retained
R0066,S,GG0021,S,retained
R0067,S,GG0021,S,retained
R0068,S,GG0021,S,retained
R0069,S,GG0021,S,retained
R0070,S,GG0021,S,retained
R0071,S,GG0021,S,retained
R0072,S,GG0021,S,retained
R0073,S,GG0021,S,retained
R0074,S,GG0021,S,retained
R0075,S,GG0021,S,retained
R0076,S,GG0021,S,retained
R0077,S,GG0021,S,retained
R0078,S,GG0021,S,retained
R0079,S,GG0021,S,retained
R0080,S,GG0021,S,retained
R0081,S,GG0045,S,retained
R0082,S,GG0045,S,retained
R0083,S,GG0045,S,retained
R0084,S,GG0045,S,retained
R0085,S,GG0045,S,retained
R0086,S,GG0045,S,retained
R0087,S,GG0045,S,retained
R0088,S,GG0045,S,retained
R0089,S,GG0045,S,retained
R0090,S,GG0045,S,retained
R0091,S,GG0045,S,retained
R0092,S,GG0003,S,retained
R0093,S,GG0003,S,retained
R0094,S,GG0003,S,retained
R0095,S,GG0003,S,retained
R0096,S,GG0003,S,retained
R0097,S,GG0003,S,retained
R0098,S,GG0003,S,retained
R0099,S,GG0003,S,retained
R0100,S,GG0003,S,retained
R0101,S,GG0003,S,retained
R0102,S,GG0003,S,retained
R0103,S,GG0003,S,retained
R0104,S,GG0003,S,retained
R0105,S,GG0003,S,retained
R0106,S,GG0003,S,retained
R0107,S,GG0003,S,retained
R0108,S,GG0003,S,retained
R0109,S,GG0003,S,retained
R0110,S,GG0003,S,retained
R0111,S,GG0003,S,retained
R0112,S,GG0003,S,retained
R0113,S,GG0003,S,retained
R0114,S,GG0003,S,retained
R0115,S,GG0003,S,retained
R0116,S,GG0003,S,retained
R0117,S,GG0038,S,retained
R0118,S,GG0038,S,retained
R0119,S,GG0038,S,retained
R0120,S,GG0038,S,retained
R0121,S,GG0038,S,retained
R0122,S,GG0038,S,retained
R0123,A,GG0017,A,retained
R0124,A,GG0017,A,retained
R0125,A,GG0017,A,retained
R0126,A,GG0017,A,retained
R0127,A,GG0017,A,retained
R0128,A,GG0017,A,retained
R0129,I,GG0007,I,retained
R0130,I,GG0007,I,retained
R0131,I,GG0007,I,retained
R0132,I,GG0007,I,retained
R0133,I,GG0007,I,retained
R0134,I,GG0007,I,retained
R0135,I,GG0007,I,retained
R0136,I,GG0007,I,retained
R0137,I,GG0007,I,retained
R0138,I,GG0007,I,retained
R0139,I,GG0007,I,retained
R0140,S,GG0020,S,retained
R0141,S,GG0020,S,retained
R0142,S,GG0020,S,retained
R0143,S,GG0020,S,retained
R0144,S,GG0034,S,retained
R0145,S,GG0034,S,retained
R0146,S,GG0034,S,retained
R0147,S,GG0034,S,retained
R0148,S,GG0034,S,retained
R0149,S,GG0034,S,retained
R0150,S,GG0034,S,retained
R0151,S,GG0034,S,retained
R0152,S,GG0034,S,retained
R0153,S,GG0034,S,retained
R0154,S,GG0034,S,retained
R0155,S,GG0034,S,retained
R0156,S,GG0034,S,retained
R0157,S,GG0038,S,retained
R0158,S,GG0038,S,retained
R0159,S,GG0038,S,retained
R0160,S,GG0038,S,retained
R0161,S,GG0038,S,retained
R0162,S,GG0038,S,retained
R0163,S,GG0046,S,retained
R0164,S,GG0046,S,retained
R0165,S,GG0046,S,retained
R0166,S,GG0046,S,retained
R0167,S,GG0046,S,retained
R0168,S,GG0046,S,retained
R0169,S,GG0046,S,retained
R0170,S,GG0046,S,retained
R0171,S,GG0046,S,retained
R0172,S,GG0046,S,retained
R0173,S,GG0035,S,retained
R0174,S,GG0035,S,retained
R0175,S,GG0035,S,retained
R0176,S,GG0035,S,retained
R0177,S,GG0035,S,retained
R0178,S,GG0035,S,retained
R0179,S,GG0035,S,retained
R0180,S,GG0038,S,retained
R0181,S,GG0038,S,retained
R0182,S,GG0038,S,retained
R0183,S,GG0038,S,retained
R0184,S,GG0038,S,retained
R0185,S,GG0038,S,retained
R0186,S,GG0038,S,retained
R0187,S,GG0038,S,retained
R0188,S,GG0038,S,retained
R0189,S,GG0038,S,retained
R0190,S,GG0038,S,retained
R0191,S,GG0038,S,retained
R0192,S,GG0038,S,retained
R0193,S,GG0038,S,retained
R0194,S,GG0038,S,retained
R0195,S,GG0038,S,retained
R0196,S,GG0038,S,retained
R0197,S,GG0038,S,retained
R0198,S,GG0038,S,retained
R0199,A,GG0033,A,excluded_group_protocol
R0200,A,GG0033,A,excluded_group_protocol
R0201,A,GG0033,A,excluded_group_protocol
R0202,A,GG0033,A,excluded_group_protocol
R0203,A,GG0033,A,excluded_group_protocol
R0204,A,GG0033,A,excluded_group_protocol
R0205,A,GG0033,A,excluded_group_protocol
R0206,A,GG0033,A,excluded_group_protocol
R0207,A,GG0033,A,excluded_group_protocol
R0208,A,GG0033,A,excluded_group_protocol
R0209,A,GG0033,A,excluded_group_protocol
R0210,A,GG0033,A,excluded_group_protocol
R0211,A,GG0033,A,excluded_group_protocol
R0212,A,GG0033,A,excluded_group_protocol
R0213,A,GG0033,A,excluded_group_protocol
R0214,A,GG0033,A,excluded_group_protocol
R0215,A,GG0033,A,excluded_group_protocol
R0216,S,GG0047,S,retained
R0217,S,GG0047,S,retained
R0218,S,GG0047,S,retained
R0219,S,GG0047,S,retained
R0220,S,GG0047,S,retained
R0221,S,GG0047,S,retained
R0222,S,GG0047,S,retained
R0223,S,GG0047,S,retained
R0224,S,GG0047,S,retained
R0225,S,GG0047,S,retained
R0226,S,GG0047,S,retained
R0227,S,GG0047,S,retained
R0228,A,GG0048,A,excluded_group_protocol
R0229,A,GG0048,A,excluded_group_protocol
R0230,A,GG0048,A,excluded_group_protocol
R0231,A,GG0048,A,excluded_group_protocol
R0232,S,GG0049,S,excluded_group_protocol
R0233,S,GG0049,S,excluded_group_protocol
R0234,S,GG0049,S,excluded_group_protocol
R0235,S,GG0049,S,excluded_group_protocol
R0236,S,GG0049,S,excluded_group_protocol
R0237,S,GG0049,S,excluded_group_protocol
R0238,S,GG0049,S,excluded_group_protocol
R0239,S,GG0049,S,excluded_group_protocol
R0240,S,GG0049,S,excluded_group_protocol
R0241,S,GG0049,S,excluded_group_protocol
R0242,S,GG0049,S,excluded_group_protocol
R0243,S,GG0049,S,excluded_group_protocol
R0244,S,GG0025,S,retained
R0245,S,GG0025,S,retained
R0246,S,GG0025,S,retained
R0247,S,GG0025,S,retained
R0248,S,GG0025,S,retained
R0249,S,GG0025,S,retained
R0250,S,GG0025,S,retained
R0251,S,GG0025,S,retained
R0252,S,GG0025,S,retained
R0253,S,GG0025,S,retained
R0254,S,GG0025,S,retained
R0255,S,GG0025,S,retained
R0256,A,GG0050,A,retained
R0257,A,GG0050,A,retained
R0258,A,GG0050,A,retained
R0259,A,GG0050,A,retained
R0260,A,GG0050,A,retained
R0261,A,GG0050,A,retained
R0262,S,GG0051,S,retained
R0263,S,GG0051,S,retained
R0264,S,GG0051,S,retained
R0265,S,GG0051,S,retained
R0266,S,GG0051,S,retained
R0267,S,GG0038,S,retained
R0268,S,GG0038,S,retained
R0269,S,GG0020,S,retained
R0270,S,GG0020,S,retained
R0271,S,GG0020,S,retained
R0272,S,GG0020,S,retained
R0273,S,GG0020,S,retained
R0274,S,GG0047,S,retained
R0275,S,GG0047,S,retained
R0276,S,GG0047,S,retained
R0277,S,GG0052,S,excluded_group_protocol
R0278,S,GG0052,S,excluded_group_protocol
R0279,S,GG0052,S,excluded_group_protocol
R0280,A,GG0053,A,retained
R0281,A,GG0053,A,retained
R0282,A,GG0053,A,retained
R0283,A,GG0053,A,retained
R0284,A,GG0053,A,retained
R0285,A,GG0053,A,retained
R0286,S,GG0038,S,retained
R0287,S,GG0038,S,retained
R0288,S,GG0038,S,retained
R0289,S,GG0038,S,retained
R0290,S,GG0038,S,retained
R0291,S,GG0038,S,retained
R0292,S,GG0038,S,retained
R0293,S,GG0038,S,retained
R0294,S,GG0038,S,retained
R0295,S,GG0038,S,retained
R0296,S,GG0038,S,retained
R0297,S,GG0038,S,retained
R0298,S,GG0038,S,retained
R0299,S,GG0038,S,retained
R0300,S,GG0038,S,retained
R0301,S,GG0038,S,retained
R0302,S,GG0038,S,retained
R0303,S,GG0038,S,retained
R0304,S,GG0038,S,retained
R0305,S,GG0038,S,retained
R0306,S,GG0038,S,retained
R0307,S,GG0038,S,retained
R0308,S,GG0038,S,retained
R0309,S,GG0038,S,retained
R0310,S,GG0038,S,retained
R0311,S,GG0038,S,retained
R0312,S,GG0038,S,retained
R0313,S,GG0038,S,retained
R0314,S,GG0038,S,retained
R0315,S,GG0038,S,retained
R0316,S,GG0038,S,retained
R0317,S,GG0038,S,retained
R0318,S,GG0038,S,retained
R0319,S,GG0038,S,retained
R0320,S,GG0038,S,retained
R0321,S,GG0038,S,retained
R0322,S,GG0038,S,retained
R0323,S,GG0038,S,retained
R0324,S,GG0038,S,retained
R0325,S,GG0038,S,retained
R0326,S,GG0038,S,retained
R0327,S,GG0038,S,retained
R0328,S,GG0038,S,retained
R0329,S,GG0038,S,retained
R0330,S,GG0038,S,retained
R0331,S,GG0038,S,retained
R0332,S,GG0038,S,retained
R0333,S,GG0038,S,retained
R0334,S,GG0038,S,retained
R0335,S,GG0038,S,retained
R0336,S,GG0038,S,retained
R0337,S,GG0038,S,retained
R0338,S,GG0038,S,retained
R0339,S,GG0054,S,excluded_group_protocol
R0340,S,GG0054,S,excluded_group_protocol
R0341,S,GG0054,S,excluded_group_protocol
R0342,S,GG0054,S,excluded_group_protocol
R0343,S,GG0054,S,excluded_group_protocol
R0344,S,GG0054,S,excluded_group_protocol
R0345,S,GG0054,S,excluded_group_protocol
R0346,S,GG0054,S,excluded_group_protocol
R0347,S,GG0054,S,excluded_group_protocol
R0348,S,GG0054,S,excluded_group_protocol
R0349,S,GG0054,S,excluded_group_protocol
R0350,S,GG0054,S,excluded_group_protocol
R0351,S,GG0054,S,excluded_group_protocol
R0352,S,GG0054,S,excluded_group_protocol
R0353,S,GG0054,S,excluded_group_protocol
R0354,S,GG0054,S,excluded_group_protocol
R0355,S,GG0054,S,excluded_group_protocol
R0356,S,GG0054,S,excluded_group_protocol
R0357,S,GG0054,S,excluded_group_protocol
R0358,S,GG0054,S,excluded_group_protocol
R0359,S,GG0054,S,excluded_group_protocol
R0360,S,GG0021,S,retained
R0361,S,GG0021,S,retained
R0362,S,GG0021,S,retained
R0363,S,GG0021,S,retained
R0364,S,GG0021,S,retained
R0365,S,GG0021,S,retained
R0366,S,GG0021,S,retained
R0367,S,GG0021,S,retained
R0368,S,GG0021,S,retained
R0369,S,GG0021,S,retained
R0370,S,GG0034,S,retained
R0371,S,GG0034,S,retained
R0372,S,GG0034,S,retained
R0373,S,GG0034,S,retained
R0374,S,GG0034,S,retained
R0375,S,GG0034,S,retained
R0376,S,GG0034,S,retained
R0377,S,GG0034,S,retained
R0378,I,GG0055,I,retained
R0379,I,GG0055,I,retained
R0380,I,GG0055,I,retained
R0381,I,GG0055,I,retained
R0382,I,GG0055,I,retained
R0383,S,GG0038,S,retained
R0384,S,GG0038,S,retained
R0385,S,GG0038,S,retained
R0386,S,GG0038,S,retained
R0387,S,GG0038,S,retained
R0388,S,GG0038,S,retained
R0389,S,GG0038,S,retained
R0390,S,GG0038,S,retained
R0391,S,GG0038,S,retained
R0392,S,GG0038,S,retained
R0393,S,GG0038,S,retained
R0394,S,GG0038,S,retained
R0395,S,GG0038,S,retained
R0396,S,GG0038,S,retained
R0397,S,GG0038,S,retained
R0398,S,GG0038,S,retained
R0399,S,GG0038,S,retained
R0400,S,GG0038,S,retained
R0401,S,GG0038,S,retained
R0402,S,GG0038,S,retained
R0403,S,GG0038,S,retained
R0404,S,GG0038,S,retained
R0405,S,GG0038,S,retained
R0406,S,GG0038,S,retained
R0407,S,GG0038,S,retained
R0408,S,GG0038,S,retained
R0409,S,GG0038,S,retained
R0410,S,GG0038,S,retained
R0411,S,GG0038,S,retained
R0412,S,GG0038,S,retained
R0413,S,GG0038,S,retained
R0414,S,GG0038,S,retained
R0415,S,GG0038,S,retained
R0416,S,GG0038,S,retained
R0417,S,GG0038,S,retained
R0418,S,GG0038,S,retained
R0419,S,GG0038,S,retained
R0420,S,GG0038,S,retained
R0421,S,GG0038,S,retained
R0422,S,GG0038,S,retained
R0423,S,GG0038,S,retained
R0424,S,GG0038,S,retained
R0425,S,GG0038,S,retained
R0426,S,GG0038,S,retained
R0427,S,GG0038,S,retained
R0428,S,GG0038,S,retained
R0429,S,GG0056,S,retained
R0430,S,GG0056,S,retained
R0431,S,GG0056,S,retained
R0432,S,GG0056,S,retained
R0433,S,GG0056,S,retained
R0434,S,GG0056,S,retained
R0435,S,GG0056,S,retained
R0436,S,GG0056,S,retained
R0437,S,GG0038,S,retained
R0438,S,GG0038,S,retained
R0439,S,GG0038,S,retained
R0440,S,GG0038,S,retained
R0441,S,GG0038,S,retained
R0442,S,GG0038,S,retained
R0443,S,GG0038,S,retained
R0444,S,GG0038,S,retained
R0445,S,GG0038,S,retained
R0446,S,GG0038,S,retained
R0447,S,GG0038,S,retained
R0448,S,GG0038,S,retained
R0449,S,GG0038,S,retained
R0450,S,GG0038,S,retained
R0451,S,GG0038,S,retained
R0452,S,GG0038,S,retained
R0453,S,GG0038,S,retained
R0454,S,GG0038,S,retained
R0455,S,GG0038,S,retained
R0456,S,GG0038,S,retained
R0457,S,GG0021,S,retained
R0458,S,GG0021,S,retained
R0459,S,GG0021,S,retained
R0460,S,GG0021,S,retained
R0461,S,GG0021,S,retained
R0462,S,GG0021,S,retained
R0463,S,GG0021,S,retained
R0464,S,GG0021,S,retained
R0465,S,GG0021,S,retained
R0466,S,GG0021,S,retained
R0467,S,GG0021,S,retained
R0468,S,GG0021,S,retained
R0469,S,GG0021,S,retained
R0470,S,GG0021,S,retained
R0471,S,GG0021,S,retained
R0472,S,GG0021,S,retained
R0473,S,GG0021,S,retained
R0474,S,GG0021,S,retained
R0475,S,GG0021,S,retained
R0476,S,GG0021,S,retained
R0477,S,GG0021,S,retained
R0478,S,GG0021,S,retained
R0479,S,GG0021,S,retained
R0480,S,GG0021,S,retained
R0481,S,GG0021,S,retained
R0482,S,GG0021,S,retained
R0483,S,GG0021,S,retained
R0484,S,GG0021,S,retained
R0485,S,GG0021,S,retained
R0486,S,GG0021,S,retained
R0487,S,GG0021,S,retained
R0488,S,GG0021,S,retained
R0489,S,GG0021,S,retained
R0490,S,GG0021,S,retained
R0491,S,GG0021,S,retained
R0492,S,GG0021,S,retained
R0493,S,GG0021,S,retained
R0494,S,GG0021,S,retained
R0495,S,GG0021,S,retained
R0496,S,GG0021,S,retained
R0497,S,GG0057,S,excluded_group_protocol
R0498,S,GG0057,S,excluded_group_protocol
R0499,S,GG0057,S,excluded_group_protocol
R0500,S,GG0057,S,excluded_group_protocol
R0501,S,GG0057,S,excluded_group_protocol
R0502,S,GG0057,S,excluded_group_protocol
R0503,S,GG0057,S,excluded_group_protocol
R0504,S,GG0057,S,excluded_group_protocol
R0505,S,GG0057,S,excluded_group_protocol
R0506,S,GG0057,S,excluded_group_protocol
R0507,S,GG0010,S,retained
R0508,S,GG0010,S,retained
R0509,S,GG0010,S,retained
R0510,S,GG0010,S,retained
R0511,S,GG0010,S,retained
R0512,S,GG0010,S,retained
R0513,S,GG0010,S,retained
R0514,S,GG0010,S,retained
R0515,S,GG0010,S,retained
R0516,S,GG0010,S,retained
R0517,S,GG0010,S,retained
R0518,S,GG0038,S,retained
R0519,S,GG0038,S,retained
R0520,S,GG0038,S,retained
R0521,S,GG0038,S,retained
R0522,S,GG0038,S,retained
R0523,S,GG0038,S,retained
R0524,S,GG0038,S,retained
R0525,S,GG0038,S,retained
R0526,S,GG0038,S,retained
R0527,S,GG0038,S,retained
R0528,S,GG0038,S,retained
R0529,S,GG0038,S,retained
R0530,S,GG0038,S,retained
R0531,S,GG0038,S,retained
R0532,S,GG0038,S,retained
R0533,S,GG0038,S,retained
R0534,S,GG0038,S,retained
R0535,S,GG0038,S,retained
R0536,S,GG0028,S,retained
R0537,S,GG0028,S,retained
R0538,S,GG0028,S,retained
R0539,S,GG0028,S,retained
R0540,S,GG0028,S,retained
R0541,S,GG0034,S,retained
R0542,S,GG0034,S,retained
R0543,S,GG0034,S,retained
R0544,S,GG0034,S,retained
R0545,S,GG0034,S,retained
R0546,S,GG0034,S,retained
R0547,S,GG0034,S,retained
R0548,S,GG0034,S,retained
R0549,S,GG0034,S,retained
R0550,S,GG0034,S,retained
R0551,S,GG0034,S,retained
R0552,S,GG0034,S,retained
R0553,S,GG0038,S,retained
R0554,S,GG0038,S,retained
R0555,S,GG0038,S,retained
R0556,S,GG0038,S,retained
R0557,S,GG0038,S,retained
R0558,S,GG0038,S,retained
R0559,S,GG0038,S,retained
R0560,S,GG0038,S,retained
R0561,S,GG0038,S,retained
R0562,S,GG0038,S,retained
R0563,S,GG0038,S,retained
R0564,S,GG0038,S,retained
R0565,S,GG0038,S,retained
R0566,S,GG0038,S,retained
R0567,S,GG0038,S,retained
R0568,S,GG0038,S,retained
R0569,S,GG0038,S,retained
R0570,S,GG0038,S,retained
R0571,S,GG0038,S,retained
R0572,S,GG0038,S,retained
R0573,S,GG0038,S,retained
R0574,S,GG0038,S,retained
R0575,S,GG0038,S,retained
R0576,S,GG0038,S,retained
R0577,S,GG0038,S,retained
R0578,S,GG0038,S,retained
R0579,S,GG0038,S,retained
R0580,S,GG0038,S,retained
R0581,S,GG0038,S,retained
R0582,S,GG0038,S,retained
R0583,S,GG0038,S,retained
R0584,S,GG0038,S,retained
R0585,S,GG0038,S,retained
R0586,S,GG0038,S,retained
R0587,S,GG0038,S,retained
R0588,S,GG0038,S,retained
R0589,S,GG0038,S,retained
R0590,S,GG0038,S,retained
R0591,S,GG0038,S,retained
R0592,S,GG0038,S,retained
R0593,S,GG0038,S,retained
R0594,S,GG0038,S,retained
R0595,S,GG0038,S,retained
R0596,S,GG0058,S,retained
R0597,S,GG0058,S,retained
R0598,S,GG0058,S,retained
R0599,S,GG0058,S,retained
R0600,S,GG0058,S,retained
R0601,S,GG0058,S,retained
R0602,S,GG0058,S,retained
R0603,A,GG0033,A,excluded_group_protocol
R0604,A,GG0033,A,excluded_group_protocol
R0605,A,GG0033,A,excluded_group_protocol
R0606,A,GG0033,A,excluded_group_protocol
R0607,A,GG0033,A,excluded_group_protocol
R0608,A,GG0033,A,excluded_group_protocol
R0609,A,GG0033,A,excluded_group_protocol
R0610,A,GG0033,A,excluded_group_protocol
R0611,A,GG0033,A,excluded_group_protocol
R0612,A,GG0033,A,excluded_group_protocol
R0613,A,GG0033,A,excluded_group_protocol
R0614,A,GG0033,A,excluded_group_protocol
R0615,A,GG0033,A,excluded_group_protocol
R0616,A,GG0033,A,excluded_group_protocol
R0617,A,GG0033,A,excluded_group_protocol
R0618,A,GG0033,A,excluded_group_protocol
R0619,A,GG0033,A,excluded_group_protocol
R0620,A,GG0033,A,excluded_group_protocol
R0621,A,GG0033,A,excluded_group_protocol
R0622,A,GG0033,A,excluded_group_protocol
R0623,A,GG0033,A,excluded_group_protocol
R0624,A,GG0033,A,excluded_group_protocol
R0625,A,GG0033,A,excluded_group_protocol
R0626,A,GG0033,A,excluded_group_protocol
R0627,A,GG0033,A,excluded_group_protocol
R0628,S,GG0038,S,retained
R0629,S,GG0038,S,retained
R0630,S,GG0038,S,retained
R0631,S,GG0038,S,retained
R0632,S,GG0038,S,retained
R0633,S,GG0038,S,retained
R0634,S,GG0038,S,retained
R0635,S,GG0038,S,retained
R0636,S,GG0038,S,retained
R0637,S,GG0035,S,retained
R0638,S,GG0035,S,retained
R0639,S,GG0035,S,retained
R0640,S,GG0035,S,retained
R0641,S,GG0035,S,retained
R0642,S,GG0035,S,retained
R0643,S,GG0035,S,retained
R0644,S,GG0035,S,retained
R0645,S,GG0035,S,retained
R0646,S,GG0035,S,retained
R0647,S,GG0035,S,retained
R0648,S,GG0035,S,retained
R0649,S,GG0035,S,retained
R0650,S,GG0035,S,retained
R0651,S,GG0035,S,retained
R0652,S,GG0035,S,retained
R0653,S,GG0035,S,retained
R0654,S,GG0035,S,retained
R0655,S,GG0035,S,retained
R0656,S,GG0035,S,retained
R0657,S,GG0035,S,retained
R0658,S,GG0035,S,retained
R0659,S,GG0035,S,retained
R0660,S,GG0035,S,retained
R0661,S,GG0035,S,retained
R0662,S,GG0035,S,retained
R0663,S,GG0035,S,retained
R0664,S,GG0035,S,retained
R0665,S,GG0035,S,retained
R0666,S,GG0035,S,retained
R0667,S,GG0035,S,retained
R0668,S,GG0035,S,retained
R0669,S,GG0035,S,retained
R0670,S,GG0035,S,retained
R0671,S,GG0035,S,retained
R0672,S,GG0035,S,retained
R0673,S,GG0035,S,retained
R0674,S,GG0035,S,retained
R0675,S,GG0035,S,retained
R0676,S,GG0035,S,retained
R0677,S,GG0035,S,retained
R0678,S,GG0035,S,retained
R0679,S,GG0035,S,retained
R0680,S,GG0035,S,retained
R0681,S,GG0035,S,retained
R0682,S,GG0035,S,retained
R0683,S,GG0035,S,retained
R0684,S,GG0035,S,retained
R0685,S,GG0035,S,retained
R0686,S,GG0035,S,retained
R0687,S,GG0035,S,retained
R0688,S,GG0035,S,retained
R0689,S,GG0035,S,retained
R0690,S,GG0035,S,retained
R0691,S,GG0035,S,retained
R0692,S,GG0035,S,retained
R0693,S,GG0035,S,retained
R0694,S,GG0035,S,retained
R0695,S,GG0035,S,retained
R0696,S,GG0035,S,retained
R0697,S,GG0035,S,retained
R0698,S,GG0035,S,retained
R0699,S,GG0035,S,retained
R0700,S,GG0035,S,retained
R0701,S,GG0035,S,retained
R0702,S,GG0012,S,retained
R0703,S,GG0012,S,retained
R0704,S,GG0012,S,retained
R0705,S,GG0012,S,retained
R0706,S,GG0012,S,retained
R0707,S,GG0012,S,retained
R0708,S,GG0012,S,retained
R0709,S,GG0012,S,retained
R0710,S,GG0012,S,retained
R0711,S,GG0012,S,retained
R0712,S,GG0012,S,retained
R0713,S,GG0012,S,retained
R0714,S,GG0012,S,retained
R0715,S,GG0012,S,retained
R0716,S,GG0059,S,retained
R0717,S,GG0059,S,retained
R0718,S,GG0059,S,retained
R0719,S,GG0059,S,retained
R0720,S,GG0059,S,retained
R0721,S,GG0059,S,retained
R0722,S,GG0059,S,retained
R0723,S,GG0059,S,retained
R0724,S,GG0059,S,retained
R0725,S,GG0059,S,retained
R0726,S,GG0059,S,retained
R0727,S,GG0059,S,retained
R0728,S,GG0059,S,retained
R0729,S,GG0059,S,retained
R0730,S,GG0059,S,retained
R0731,S,GG0021,S,retained
R0732,S,GG0021,S,retained
R0733,S,GG0021,S,retained
R0734,S,GG0021,S,retained
R0735,S,GG0021,S,retained
R0736,S,GG0021,S,retained
R0737,S,GG0021,S,retained
R0738,S,GG0021,S,retained
R0739,S,GG0021,S,retained
R0740,S,GG0021,S,retained
R0741,S,GG0021,S,retained
R0742,S,GG0021,S,retained
R0743,S,GG0021,S,retained
R0744,S,GG0021,S,retained
R0745,S,GG0021,S,retained
R0746,S,GG0021,S,retained
R0747,S,GG0021,S,retained
R0748,S,GG0021,S,retained
R0749,S,GG0021,S,retained
R0750,S,GG0021,S,retained
R0751,S,GG0021,S,retained
R0752,S,GG0021,S,retained
R0753,S,GG0021,S,retained
R0754,S,GG0021,S,retained
R0755,S,GG0021,S,retained
R0756,S,GG0021,S,retained
R0757,S,GG0021,S,retained
R0758,S,GG0012,S,retained
R0759,S,GG0012,S,retained
R0760,S,GG0012,S,retained
R0761,S,GG0012,S,retained
R0762,S,GG0012,S,retained
R0763,S,GG0012,S,retained
R0764,S,GG0012,S,retained
R0765,S,GG0012,S,retained
R0766,S,GG0012,S,retained
R0767,S,GG0012,S,retained
R0768,S,GG0012,S,retained
R0769,S,GG0012,S,retained
R0770,S,GG0012,S,retained
R0771,S,GG0012,S,retained
R0772,S,GG0012,S,retained
R0773,S,GG0012,S,retained
R0774,S,GG0012,S,retained
R0775,S,GG0060,S,excluded_group_protocol
R0776,S,GG0060,S,excluded_group_protocol
R0777,S,GG0060,S,excluded_group_protocol
R0778,S,GG0060,S,excluded_group_protocol
R0779,S,GG0060,S,excluded_group_protocol
R0780,S,GG0060,S,excluded_group_protocol
R0781,S,GG0060,S,excluded_group_protocol
R0782,S,GG0060,S,excluded_group_protocol
R0783,S,GG0060,S,excluded_group_protocol
R0784,S,GG0060,S,excluded_group_protocol
R0785,S,GG0060,S,excluded_group_protocol
R0786,S,GG0061,S,retained
R0787,S,GG0061,S,retained
R0788,S,GG0061,S,retained
R0789,S,GG0061,S,retained
R0790,S,GG0061,S,retained
R0791,S,GG0061,S,retained
R0792,S,GG0061,S,retained
R0793,S,GG0061,S,retained
R0794,S,GG0061,S,retained
R0795,S,GG0061,S,retained
R0796,S,GG0034,S,retained
R0797,S,GG0034,S,retained
R0798,S,GG0034,S,retained
R0799,S,GG0034,S,retained
R0800,S,GG0034,S,retained
R0801,S,GG0034,S,retained
R0802,S,GG0034,S,retained
R0803,S,GG0034,S,retained
R0804,S,GG0034,S,retained
R0805,S,GG0034,S,retained
R0806,S,GG0034,S,retained
R0807,S,GG0034,S,retained
R0808,S,GG0034,S,retained
R0809,S,GG0034,S,retained
R0810,S,GG0034,S,retained
R0811,S,GG0034,S,retained
R0812,S,GG0034,S,retained
R0813,S,GG0034,S,retained
R0814,S,GG0034,S,retained
R0815,S,GG0034,S,retained
R0816,S,GG0034,S,retained
R0817,S,GG0034,S,retained
R0818,S,GG0034,S,retained
R0819,S,GG0034,S,retained
R0820,S,GG0034,S,retained
R0821,S,GG0034,S,retained
R0822,S,GG0034,S,retained
R0823,S,GG0034,S,retained
R0824,S,GG0034,S,retained
R0825,S,GG0034,S,retained
R0826,S,GG0034,S,retained
R0827,S,GG0034,S,retained
R0828,S,GG0034,S,retained
R0829,S,GG0034,S,retained
R0830,S,GG0034,S,retained
R0831,S,GG0034,S,retained
R0832,S,GG0046,S,retained
R0833,S,GG0046,S,retained
R0834,S,GG0046,S,retained
R0835,S,GG0046,S,retained
R0836,S,GG0046,S,retained
R0837,S,GG0046,S,retained
R0838,S,GG0046,S,retained
R0839,S,GG0046,S,retained
R0840,S,GG0034,S,retained
R0841,S,GG0034,S,retained
R0842,S,GG0034,S,retained
R0843,S,GG0034,S,retained
R0844,S,GG0034,S,retained
R0845,S,GG0034,S,retained
R0846,I,GG0033,I,excluded_group_protocol
R0847,I,GG0033,I,excluded_group_protocol
R0848,I,GG0033,I,excluded_group_protocol
R0849,I,GG0033,I,excluded_group_protocol
R0850,I,GG0033,I,excluded_group_protocol
R0851,I,GG0033,I,excluded_group_protocol
R0852,I,GG0033,I,excluded_group_protocol
R0853,I,GG0033,I,excluded_group_protocol
R0854,I,GG0033,I,excluded_group_protocol
R0855,I,GG0033,I,excluded_group_protocol
R0856,I,GG0033,I,excluded_group_protocol
R0857,I,GG0033,I,excluded_group_protocol
R0858,I,GG0033,I,excluded_group_protocol
R0859,I,GG0033,I,excluded_group_protocol
R0860,I,GG0033,I,excluded_group_protocol
R0861,I,GG0033,I,excluded_group_protocol
R0862,I,GG0033,I,excluded_group_protocol
R0863,I,GG0033,I,excluded_group_protocol
R0864,I,GG0033,I,excluded_group_protocol
R0865,I,GG0033,I,excluded_group_protocol
R0866,I,GG0033,I,excluded_group_protocol
R0867,I,GG0033,I,excluded_group_protocol
R0868,I,GG0033,I,excluded_group_protocol
R0869,I,GG0033,I,excluded_group_protocol
R0870,I,GG0033,I,excluded_group_protocol
R0871,I,GG0033,I,excluded_group_protocol
R0872,I,GG0033,I,excluded_group_protocol
R0873,I,GG0033,I,excluded_group_protocol
R0874,I,GG0033,I,excluded_group_protocol
R0875,I,GG0033,I,excluded_group_protocol
R0876,I,GG0033,I,excluded_group_protocol
R0877,I,GG0033,I,excluded_group_protocol
R0878,I,GG0033,I,excluded_group_protocol
R0879,A,GG0014,A,retained
R0880,A,GG0014,A,retained
R0881,A,GG0014,A,retained
R0882,A,GG0014,A,retained
R0883,A,GG0014,A,retained
R0884,A,GG0014,A,retained
R0885,A,GG0014,A,retained
R0886,A,GG0014,A,retained
R0887,A,GG0014,A,retained
R0888,A,GG0014,A,retained
R0889,A,GG0014,A,retained
R0890,A,GG0014,A,retained
R0891,A,GG0014,A,retained
R0892,A,GG0014,A,retained
R0893,A,GG0014,A,retained
R0894,A,GG0016,A,retained
R0895,A,GG0016,A,retained
R0896,A,GG0016,A,retained
R0897,A,GG0016,A,retained
R0898,A,GG0016,A,retained
R0899,A,GG0016,A,retained
R0900,A,GG0016,A,retained
R0901,I,GG0062,I,retained
R0902,I,GG0062,I,retained
R0903,I,GG0062,I,retained
R0904,I,GG0062,I,retained
R0905,I,GG0062,I,retained
R0906,I,GG0062,I,retained
R0907,I,GG0062,I,retained
R0908,I,GG0013,I,retained
R0909,I,GG0013,I,retained
R0910,I,GG0013,I,retained
R0911,I,GG0013,I,retained
R0912,I,GG0013,I,retained
R0913,I,GG0013,I,retained
R0914,I,GG0013,I,retained
R0915,I,GG0013,I,retained
R0916,A,GG0063,A,excluded_group_protocol
R0917,A,GG0063,A,excluded_group_protocol
R0918,A,GG0063,A,excluded_group_protocol
R0919,A,GG0063,A,excluded_group_protocol
R0920,A,GG0063,A,excluded_group_protocol
R0921,A,GG0063,A,excluded_group_protocol
R0922,A,GG0063,A,excluded_group_protocol
R0923,A,GG0063,A,excluded_group_protocol
R0924,A,GG0063,A,excluded_group_protocol
R0925,A,GG0063,A,excluded_group_protocol
R0926,A,GG0063,A,excluded_group_protocol
R0927,A,GG0063,A,excluded_group_protocol
R0928,A,GG0063,A,excluded_group_protocol
R0929,A,GG0063,A,excluded_group_protocol
R0930,A,GG0063,A,excluded_group_protocol
R0931,A,GG0063,A,excluded_group_protocol
R0932,A,GG0063,A,excluded_group_protocol
R0933,A,GG0063,A,excluded_group_protocol
R0934,A,GG0011,A,retained
R0935,A,GG0011,A,retained
R0936,A,GG0011,A,retained
R0937,A,GG0011,A,retained
R0938,A,GG0011,A,retained
R0939,A,GG0011,A,retained
R0940,A,GG0011,A,retained
R0941,A,GG0011,A,retained
R0942,A,GG0011,A,retained
R0943,A,GG0011,A,retained
R0944,A,GG0026,A,retained
R0945,A,GG0026,A,retained
R0946,A,GG0026,A,retained
R0947,A,GG0026,A,retained
R0948,A,GG0026,A,retained
R0949,A,GG0026,A,retained
R0950,A,GG0026,A,retained
R0951,A,GG0026,A,retained
R0952,A,GG0064,A,retained
R0953,A,GG0064,A,retained
R0954,A,GG0064,A,retained
R0955,A,GG0064,A,retained
R0956,A,GG0064,A,retained
R0957,I,GG0013,I,retained
R0958,I,GG0013,I,retained
R0959,I,GG0013,I,retained
R0960,I,GG0013,I,retained
R0961,I,GG0013,I,retained
R0962,I,GG0013,I,retained
R0963,I,GG0013,I,retained
R0964,I,GG0013,I,retained
R0965,S,GG0041,S,retained
R0966,S,GG0041,S,retained
R0967,S,GG0041,S,retained
R0968,S,GG0041,S,retained
R0969,S,GG0041,S,retained
R0970,S,GG0041,S,retained
R0971,S,GG0041,S,retained
R0972,S,GG0041,S,retained
R0973,S,GG0041,S,retained
R0974,S,GG0041,S,retained
R0975,S,GG0041,S,retained
R0976,S,GG0041,S,retained
R0977,S,GG0041,S,retained
R0978,S,GG0041,S,retained
R0979,S,GG0041,S,retained
R0980,S,GG0041,S,retained
R0981,S,GG0041,S,retained
R0982,S,GG0041,S,retained
R0983,S,GG0041,S,retained
R0984,S,GG0041,S,retained
R0985,S,GG0041,S,retained
R0986,I,GG0065,I,excluded_group_protocol
R0987,I,GG0065,I,excluded_group_protocol
R0988,I,GG0065,I,excluded_group_protocol
R0989,I,GG0065,I,excluded_group_protocol
R0990,I,GG0065,I,excluded_group_protocol
R0991,I,GG0065,I,excluded_group_protocol
R0992,I,GG0065,I,excluded_group_protocol
R0993,I,GG0065,I,excluded_group_protocol
R0994,I,GG0065,I,excluded_group_protocol
R0995,I,GG0065,I,excluded_group_protocol
R0996,I,GG0065,I,excluded_group_protocol
R0997,A,GG0066,A,excluded_group_protocol
R0998,A,GG0066,A,excluded_group_protocol
R0999,A,GG0066,A,excluded_group_protocol
R1000,I,GG0022,I,excluded_group_protocol
R1001,I,GG0022,I,excluded_group_protocol
R1002,I,GG0022,I,excluded_group_protocol
R1003,I,GG0022,I,excluded_group_protocol
R1004,I,GG0022,I,excluded_group_protocol
R1005,I,GG0022,I,excluded_group_protocol
R1006,S,GG0067,S,retained
R1007,S,GG0067,S,retained
R1008,S,GG0067,S,retained
R1009,S,GG0067,S,retained
R1010,S,GG0067,S,retained
R1011,A,GG0068,A,excluded_group_protocol
R1012,A,GG0068,A,excluded_group_protocol
R1013,A,GG0068,A,excluded_group_protocol
R1014,A,GG0068,A,excluded_group_protocol
R1015,A,GG0068,A,excluded_group_protocol
R1016,I,GG0036,I,excluded_group_protocol
R1017,I,GG0036,I,excluded_group_protocol
R1018,I,GG0036,I,excluded_group_protocol
R1019,I,GG0036,I,excluded_group_protocol
R1020,I,GG0036,I,excluded_group_protocol
R1021,I,GG0036,I,excluded_group_protocol
R1022,I,GG0036,I,excluded_group_protocol
R1023,I,GG0036,I,excluded_group_protocol
R1024,I,GG0036,I,excluded_group_protocol
R1025,I,GG0036,I,excluded_group_protocol
R1026,I,GG0036,I,excluded_group_protocol
R1027,I,GG0036,I,excluded_group_protocol
R1028,I,GG0036,I,excluded_group_protocol
R1029,I,GG0036,I,excluded_group_protocol
R1030,I,GG0036,I,excluded_group_protocol
R1031,I,GG0036,I,excluded_group_protocol
R1032,I,GG0036,I,excluded_group_protocol
R1033,I,GG0036,I,excluded_group_protocol
R1034,I,GG0036,I,excluded_group_protocol
R1035,I,GG0036,I,excluded_group_protocol
R1036,I,GG0036,I,excluded_group_protocol
R1037,I,GG0036,I,excluded_group_protocol
R1038,I,GG0036,I,excluded_group_protocol
R1039,I,GG0036,I,excluded_group_protocol
R1040,I,GG0036,I,excluded_group_protocol
R1041,I,GG0036,I,excluded_group_protocol
R1042,I,GG0036,I,excluded_group_protocol
R1043,I,GG0036,I,excluded_group_protocol
R1044,I,GG0036,I,excluded_group_protocol
R1045,I,GG0036,I,excluded_group_protocol
R1046,I,GG0036,I,excluded_group_protocol
R1047,I,GG0036,I,excluded_group_protocol
R1048,A,GG0036,A,excluded_group_protocol
R1049,A,GG0036,A,excluded_group_protocol
R1050,A,GG0036,A,excluded_group_protocol
R1051,A,GG0036,A,excluded_group_protocol
R1052,A,GG0036,A,excluded_group_protocol
R1053,A,GG0036,A,excluded_group_protocol
R1054,A,GG0036,A,excluded_group_protocol
R1055,A,GG0036,A,excluded_group_protocol
R1056,A,GG0036,A,excluded_group_protocol
R1057,A,GG0036,A,excluded_group_protocol
R1058,A,GG0036,A,excluded_group_protocol
R1059,A,GG0036,A,excluded_group_protocol
R1060,A,GG0036,A,excluded_group_protocol
R1061,A,GG0036,A,excluded_group_protocol
R1062,A,GG0036,A,excluded_group_protocol
R1063,A,GG0036,A,excluded_group_protocol
R1064,A,GG0036,A,excluded_group_protocol
R1065,A,GG0036,A,excluded_group_protocol
R1066,A,GG0036,A,excluded_group_protocol
R1067,A,GG0036,A,excluded_group_protocol
R1068,A,GG0036,A,excluded_group_protocol
R1069,S,GG0069,S,excluded_group_protocol
R1070,S,GG0069,S,excluded_group_protocol
R1071,S,GG0069,S,excluded_group_protocol
R1072,S,GG0069,S,excluded_group_protocol
R1073,S,GG0070,S,retained
R1074,S,GG0070,S,retained
R1075,S,GG0070,S,retained
R1076,S,GG0070,S,retained
R1077,S,GG0070,S,retained
R1078,S,GG0070,S,retained
R1079,S,GG0070,S,retained
R1080,S,GG0070,S,retained
R1081,S,GG0070,S,retained
R1082,S,GG0070,S,retained
R1083,S,GG0070,S,retained
R1084,S,GG0070,S,retained
R1085,S,GG0070,S,retained
R1086,S,GG0070,S,retained
R1087,S,GG0039,S,excluded_weak_mixed_group_minority
R1088,S,GG0039,S,excluded_weak_mixed_group_minority
R1089,S,GG0039,S,excluded_weak_mixed_group_minority
R1090,S,GG0039,S,excluded_weak_mixed_group_minority
R1091,S,GG0039,S,excluded_weak_mixed_group_minority
R1092,S,GG0039,S,excluded_weak_mixed_group_minority
R1093,S,GG0039,S,excluded_weak_mixed_group_minority
R1094,S,GG0039,S,excluded_weak_mixed_group_minority
R1095,S,GG0039,S,excluded_weak_mixed_group_minority
R1096,S,GG0039,S,excluded_weak_mixed_group_minority
R1097,S,GG0039,S,excluded_weak_mixed_group_minority
R1098,S,GG0039,S,excluded_weak_mixed_group_minority
R1099,S,GG0039,S,excluded_weak_mixed_group_minority
R1100,S,GG0039,S,excluded_weak_mixed_group_minority
R1101,S,GG0039,S,excluded_weak_mixed_group_minority
R1102,S,GG0039,S,excluded_weak_mixed_group_minority
R1103,S,GG0039,S,excluded_weak_mixed_group_minority
R1104,S,GG0071,S,excluded_group_protocol
R1105,S,GG0071,S,excluded_group_protocol
R1106,S,GG0071,S,excluded_group_protocol
R1107,S,GG0071,S,excluded_group_protocol
R1108,S,GG0071,S,excluded_group_protocol
R1109,S,GG0071,S,excluded_group_protocol
R1110,S,GG0071,S,excluded_group_protocol
R1111,S,GG0071,S,excluded_group_protocol
R1112,S,GG0071,S,excluded_group_protocol
R1113,S,GG0071,S,excluded_group_protocol
R1114,S,GG0071,S,excluded_group_protocol
R1115,S,GG0071,S,excluded_group_protocol
R1116,S,GG0071,S,excluded_group_protocol
R1117,S,GG0071,S,excluded_group_protocol
R1118,S,GG0072,S,excluded_group_protocol
R1119,S,GG0072,S,excluded_group_protocol
R1120,S,GG0072,S,excluded_group_protocol
R1121,S,GG0072,S,excluded_group_protocol
R1122,A,GG0072,A,excluded_group_protocol
R1123,A,GG0072,A,excluded_group_protocol
R1124,A,GG0072,A,excluded_group_protocol
R1125,A,GG0072,A,excluded_group_protocol
R1126,A,GG0073,A,retained
R1127,A,GG0073,A,retained
R1128,A,GG0073,A,retained
R1129,A,GG0073,A,retained
R1130,A,GG0073,A,retained
R1131,S,GG0074,S,retained
R1132,S,GG0074,S,retained
R1133,S,GG0074,S,retained
R1134,S,GG0074,S,retained
R1135,S,GG0074,S,retained
R1136,S,GG0074,S,retained
R1137,S,GG0074,S,retained
R1138,S,GG0074,S,retained
R1139,S,GG0075,S,excluded_group_protocol
R1140,S,GG0075,S,excluded_group_protocol
R1141,S,GG0075,S,excluded_group_protocol
R1142,S,GG0075,S,excluded_group_protocol
R1143,S,GG0075,S,excluded_group_protocol
R1144,I,GG0075,I,excluded_group_protocol
R1145,I,GG0075,I,excluded_group_protocol
R1146,I,GG0075,I,excluded_group_protocol
R1147,I,GG0075,I,excluded_group_protocol
R1148,I,GG0075,I,excluded_group_protocol
R1149,S,GG0031,S,excluded_group_protocol
R1150,S,GG0031,S,excluded_group_protocol
R1151,S,GG0031,S,excluded_group_protocol
R1152,S,GG0031,S,excluded_group_protocol
R1153,S,GG0076,S,retained
R1154,S,GG0076,S,retained
R1155,S,GG0076,S,retained
R1156,S,GG0076,S,retained
R1157,S,GG0076,S,retained
R1158,S,GG0076,S,retained
R1159,S,GG0077,S,retained
R1160,S,GG0077,S,retained
R1161,S,GG0077,S,retained
R1162,S,GG0077,S,retained
R1163,S,GG0077,S,retained
R1164,S,GG0077,S,retained
R1165,S,GG0077,S,retained
R1166,S,GG0077,S,retained
R1167,S,GG0077,S,retained
R1168,S,GG0077,S,retained
R1169,S,GG0077,S,retained
R1170,S,GG0077,S,retained
R1171,S,GG0077,S,retained
R1172,S,GG0077,S,retained
R1173,S,GG0077,S,retained
R1174,S,GG0078,S,excluded_group_protocol
R1175,S,GG0078,S,excluded_group_protocol
R1176,S,GG0078,S,excluded_group_protocol
R1177,S,GG0078,S,excluded_group_protocol
R1178,S,GG0078,S,excluded_group_protocol
R1179,S,GG0078,S,excluded_group_protocol
R1180,S,GG0078,S,excluded_group_protocol
R1181,S,GG0078,S,excluded_group_protocol
R1182,S,GG0078,S,excluded_group_protocol
R1183,S,GG0078,S,excluded_group_protocol
R1184,S,GG0078,S,excluded_group_protocol
R1185,S,GG0078,S,excluded_group_protocol
R1186,S,GG0078,S,excluded_group_protocol
R1187,S,GG0078,S,excluded_group_protocol
R1188,S,GG0078,S,excluded_group_protocol
R1189,S,GG0078,S,excluded_group_protocol
R1190,S,GG0078,S,excluded_group_protocol
R1191,S,GG0078,S,excluded_group_protocol
R1192,S,GG0078,S,excluded_group_protocol
R1193,S,GG0078,S,excluded_group_protocol
R1194,S,GG0078,S,excluded_group_protocol
R1195,S,GG0078,S,excluded_group_protocol
R1196,S,GG0078,S,excluded_group_protocol
R1197,S,GG0078,S,excluded_group_protocol
R1198,S,GG0078,S,excluded_group_protocol
R1199,S,GG0078,S,excluded_group_protocol
R1200,S,GG0078,S,excluded_group_protocol
R1201,S,GG0078,S,excluded_group_protocol
R1202,S,GG0078,S,excluded_group_protocol
R1203,S,GG0078,S,excluded_group_protocol
R1204,S,GG0078,S,excluded_group_protocol
R1205,S,GG0078,S,excluded_group_protocol
R1206,S,GG0078,S,excluded_group_protocol
R1207,S,GG0078,S,excluded_group_protocol
R1208,A,GG0079,A,excluded_group_protocol
R1209,A,GG0079,A,excluded_group_protocol
R1210,A,GG0079,A,excluded_group_protocol
R1211,A,GG0079,A,excluded_group_protocol
R1212,A,GG0079,A,excluded_group_protocol
R1213,A,GG0079,A,excluded_group_protocol
R1214,A,GG0079,A,excluded_group_protocol
R1215,A,GG0079,A,excluded_group_protocol
R1216,A,GG0079,A,excluded_group_protocol
R1217,A,GG0079,A,excluded_group_protocol
R1218,A,GG0079,A,excluded_group_protocol
R1219,A,GG0079,A,excluded_group_protocol
R1220,A,GG0079,A,excluded_group_protocol
R1221,A,GG0079,A,excluded_group_protocol
R1222,A,GG0079,A,excluded_group_protocol
R1223,A,GG0079,A,excluded_group_protocol
R1224,A,GG0079,A,excluded_group_protocol
R1225,A,GG0079,A,excluded_group_protocol
R1226,A,GG0079,A,excluded_group_protocol
R1227,A,GG0079,A,excluded_group_protocol
R1228,A,GG0079,A,excluded_group_protocol
R1229,A,GG0079,A,excluded_group_protocol
R1230,A,GG0079,A,excluded_group_protocol
R1231,A,GG0079,A,excluded_group_protocol
R1232,A,GG0079,A,excluded_group_protocol
R1233,A,GG0079,A,excluded_group_protocol
R1234,A,GG0079,A,excluded_group_protocol
R1235,A,GG0079,A,excluded_group_protocol
R1236,A,GG0079,A,excluded_group_protocol
R1237,A,GG0079,A,excluded_group_protocol
R1238,A,GG0079,A,excluded_group_protocol
R1239,A,GG0079,A,excluded_group_protocol
R1240,A,GG0079,A,excluded_group_protocol
R1241,A,GG0079,A,excluded_group_protocol
R1242,A,GG0079,A,excluded_group_protocol
R1243,A,GG0079,A,excluded_group_protocol
R1244,A,GG0079,A,excluded_group_protocol
R1245,A,GG0079,A,excluded_group_protocol
R1246,A,GG0079,A,excluded_group_protocol
R1247,A,GG0079,A,excluded_group_protocol
R1248,A,GG0079,A,excluded_group_protocol
R1249,A,GG0079,A,excluded_group_protocol
R1250,A,GG0079,A,excluded_group_protocol
R1251,A,GG0079,A,excluded_group_protocol
R1252,A,GG0079,A,excluded_group_protocol
R1253,A,GG0079,A,excluded_group_protocol
R1254,A,GG0079,A,excluded_group_protocol
R1255,A,GG0079,A,excluded_group_protocol
R1256,A,GG0079,A,excluded_group_protocol
R1257,A,GG0079,A,excluded_group_protocol
R1258,A,GG0079,A,excluded_group_protocol
R1259,A,GG0079,A,excluded_group_protocol
R1260,A,GG0079,A,excluded_group_protocol
R1261,A,GG0079,A,excluded_group_protocol
R1262,A,GG0079,A,excluded_group_protocol
R1263,A,GG0079,A,excluded_group_protocol
R1264,A,GG0079,A,excluded_group_protocol
R1265,A,GG0079,A,excluded_group_protocol
R1266,A,GG0079,A,excluded_group_protocol
R1267,A,GG0079,A,excluded_group_protocol
R1268,A,GG0079,A,excluded_group_protocol
R1269,A,GG0079,A,excluded_group_protocol
R1270,A,GG0079,A,excluded_group_protocol
R1271,A,GG0079,A,excluded_group_protocol
R1272,A,GG0079,A,excluded_group_protocol
R1273,A,GG0079,A,excluded_group_protocol
R1274,A,GG0079,A,excluded_group_protocol
R1275,A,GG0079,A,excluded_group_protocol
R1276,A,GG0079,A,excluded_group_protocol
R1277,A,GG0079,A,excluded_group_protocol
R1278,A,GG0079,A,excluded_group_protocol
R1279,A,GG0079,A,excluded_group_protocol
R1280,A,GG0079,A,excluded_group_protocol
R1281,A,GG0079,A,excluded_group_protocol
R1282,A,GG0079,A,excluded_group_protocol
R1283,A,GG0079,A,excluded_group_protocol
R1284,A,GG0079,A,excluded_group_protocol
R1285,A,GG0079,A,excluded_group_protocol
R1286,A,GG0079,A,excluded_group_protocol
R1287,A,GG0079,A,excluded_group_protocol
R1288,A,GG0079,A,excluded_group_protocol
R1289,A,GG0079,A,excluded_group_protocol
R1290,A,GG0079,A,excluded_group_protocol
R1291,A,GG0079,A,excluded_group_protocol
R1292,A,GG0079,A,excluded_group_protocol
R1293,A,GG0079,A,excluded_group_protocol
R1294,A,GG0079,A,excluded_group_protocol
R1295,A,GG0079,A,excluded_group_protocol
R1296,A,GG0079,A,excluded_group_protocol
R1297,A,GG0079,A,excluded_group_protocol
R1298,A,GG0079,A,excluded_group_protocol
R1299,A,GG0079,A,excluded_group_protocol
R1300,A,GG0079,A,excluded_group_protocol
R1301,A,GG0079,A,excluded_group_protocol
R1302,A,GG0079,A,excluded_group_protocol
R1303,A,GG0079,A,excluded_group_protocol
R1304,A,GG0079,A,excluded_group_protocol
R1305,A,GG0079,A,excluded_group_protocol
R1306,A,GG0079,A,excluded_group_protocol
R1307,I,GG0080,I,excluded_group_protocol
R1308,I,GG0080,I,excluded_group_protocol
R1309,I,GG0080,I,excluded_group_protocol
R1310,I,GG0080,I,excluded_group_protocol
R1311,I,GG0080,I,excluded_group_protocol
R1312,I,GG0080,I,excluded_group_protocol
R1313,A,GG0081,A,excluded_group_protocol
R1314,A,GG0081,A,excluded_group_protocol
R1315,A,GG0081,A,excluded_group_protocol
R1316,A,GG0081,A,excluded_group_protocol
R1317,A,GG0081,A,excluded_group_protocol
R1318,S,GG0082,S,retained
R1319,S,GG0082,S,retained
R1320,S,GG0082,S,retained
R1321,S,GG0082,S,retained
R1322,S,GG0082,S,retained
R1323,S,GG0082,S,retained
R1324,S,GG0082,S,retained
R1325,S,GG0082,S,retained
R1326,S,GG0082,S,retained
R1327,S,GG0082,S,retained
R1328,S,GG0082,S,retained
R1329,S,GG0083,S,excluded_group_protocol
R1330,S,GG0083,S,excluded_group_protocol
R1331,S,GG0083,S,excluded_group_protocol
R1332,S,GG0083,S,excluded_group_protocol
R1333,S,GG0083,S,excluded_group_protocol
R1334,S,GG0083,S,excluded_group_protocol
R1335,S,GG0083,S,excluded_group_protocol
R1336,S,GG0083,S,excluded_group_protocol
R1337,S,GG0083,S,excluded_group_protocol
R1338,S,GG0083,S,excluded_group_protocol
R1339,S,GG0083,S,excluded_group_protocol
R1340,S,GG0083,S,excluded_group_protocol
R1341,S,GG0084,S,excluded_group_protocol
R1342,S,GG0084,S,excluded_group_protocol
R1343,S,GG0084,S,excluded_group_protocol
R1344,S,GG0084,S,excluded_group_protocol
R1345,S,GG0085,S,retained
R1346,S,GG0085,S,retained
R1347,S,GG0085,S,retained
R1348,S,GG0085,S,retained
R1349,S,GG0085,S,retained
R1350,S,GG0085,S,retained
R1351,S,GG0085,S,retained
R1352,S,GG0085,S,retained
R1353,S,GG0086,S,excluded_group_protocol
R1354,S,GG0086,S,excluded_group_protocol
R1355,S,GG0086,S,excluded_group_protocol
R1356,S,GG0086,S,excluded_group_protocol
R1357,S,GG0086,S,excluded_group_protocol
R1358,S,GG0086,S,excluded_group_protocol
R1359,S,GG0086,S,excluded_group_protocol
R1360,S,GG0086,S,excluded_group_protocol
R1361,S,GG0086,S,excluded_group_protocol
R1362,S,GG0086,S,excluded_group_protocol
R1363,S,GG0086,S,excluded_group_protocol
R1364,S,GG0086,S,excluded_group_protocol
R1365,S,GG0086,S,excluded_group_protocol
R1366,S,GG0086,S,excluded_group_protocol
R1367,S,GG0086,S,excluded_group_protocol
R1368,S,GG0086,S,excluded_group_protocol
R1369,I,GG0087,I,retained
R1370,I,GG0087,I,retained
R1371,I,GG0087,I,retained
R1372,I,GG0087,I,retained
R1373,I,GG0087,I,retained
R1374,I,GG0087,I,retained
R1375,I,GG0087,I,retained
R1376,I,GG0087,I,retained
R1377,I,GG0087,I,retained
R1378,I,GG0087,I,retained
R1379,I,GG0087,I,retained
R1380,I,GG0087,I,retained
R1381,I,GG0087,I,retained
R1382,I,GG0087,I,retained
R1383,I,GG0087,I,retained
R1384,I,GG0087,I,retained
R1385,I,GG0087,I,retained
R1386,I,GG0087,I,retained
R1387,I,GG0087,I,retained
R1388,S,GG0036,S,excluded_group_protocol
R1389,S,GG0036,S,excluded_group_protocol
R1390,S,GG0036,S,excluded_group_protocol
R1391,S,GG0036,S,excluded_group_protocol
R1392,S,GG0036,S,excluded_group_protocol
R1393,S,GG0036,S,excluded_group_protocol
R1394,S,GG0036,S,excluded_group_protocol
R1395,S,GG0036,S,excluded_group_protocol
R1396,S,GG0036,S,excluded_group_protocol
R1397,S,GG0036,S,excluded_group_protocol
R1398,S,GG0036,S,excluded_group_protocol
R1399,S,GG0036,S,excluded_group_protocol
R1400,S,GG0036,S,excluded_group_protocol
R1401,S,GG0036,S,excluded_group_protocol
R1402,S,GG0036,S,excluded_group_protocol
R1403,S,GG0036,S,excluded_group_protocol
R1404,S,GG0036,S,excluded_group_protocol
R1405,S,GG0036,S,excluded_group_protocol
R1406,S,GG0036,S,excluded_group_protocol
R1407,S,GG0036,S,excluded_group_protocol
R1408,S,GG0036,S,excluded_group_protocol
R1409,S,GG0036,S,excluded_group_protocol
R1410,S,GG0036,S,excluded_group_protocol
R1411,A,GG0011,A,retained
R1412,A,GG0011,A,retained
R1413,A,GG0011,A,retained
R1414,A,GG0011,A,retained
R1415,A,GG0011,A,retained
R1416,A,GG0011,A,retained
R1417,A,GG0011,A,retained
R1418,A,GG0011,A,retained
R1419,A,GG0011,A,retained
R1420,A,GG0011,A,retained
R1421,A,GG0011,A,retained
R1422,A,GG0011,A,retained
R1423,A,GG0011,A,retained
R1424,A,GG0011,A,retained
R1425,A,GG0011,A,retained
R1426,A,GG0011,A,retained
R1427,A,GG0011,A,retained
R1428,A,GG0011,A,retained
R1429,A,GG0011,A,retained
R1430,A,GG0011,A,retained
R1431,A,GG0088,A,retained
R1432,A,GG0088,A,retained
R1433,A,GG0088,A,retained
R1434,A,GG0088,A,retained
R1435,A,GG0088,A,retained
R1436,A,GG0088,A,retained
R1437,A,GG0088,A,retained
R1438,A,GG0088,A,retained
R1439,A,GG0088,A,retained
R1440,A,GG0088,A,retained
R1441,A,GG0088,A,retained
R1442,A,GG0088,A,retained
R1443,A,GG0088,A,retained
R1444,A,GG0088,A,retained
R1445,A,GG0088,A,retained
R1446,I,GG0089,I,retained
R1447,I,GG0089,I,retained
R1448,I,GG0089,I,retained
R1449,I,GG0089,I,retained
R1450,I,GG0089,I,retained
R1451,I,GG0089,I,retained
R1452,I,GG0089,I,retained
R1453,I,GG0090,I,retained
R1454,I,GG0090,I,retained
R1455,I,GG0090,I,retained
R1456,I,GG0090,I,retained
R1457,I,GG0090,I,retained
R1458,I,GG0090,I,retained
R1459,I,GG0090,I,retained
R1460,I,GG0090,I,retained
R1461,I,GG0090,I,retained
R1462,I,GG0090,I,retained
R1463,I,GG0090,I,retained
R1464,I,GG0090,I,retained
R1465,I,GG0090,I,retained
R1466,I,GG0090,I,retained
R1467,I,GG0090,I,retained
R1468,I,GG0090,I,retained
R1469,S,GG0091,S,excluded_group_protocol
R1470,S,GG0091,S,excluded_group_protocol
R1471,S,GG0091,S,excluded_group_protocol
R1472,S,GG0091,S,excluded_group_protocol
R1473,S,GG0091,S,excluded_group_protocol
R1474,S,GG0091,S,excluded_group_protocol
R1475,S,GG0091,S,excluded_group_protocol
R1476,I,GG0091,I,excluded_group_protocol
R1477,I,GG0091,I,excluded_group_protocol
R1478,I,GG0091,I,excluded_group_protocol
R1479,I,GG0091,I,excluded_group_protocol
R1480,I,GG0091,I,excluded_group_protocol
R1481,I,GG0091,I,excluded_group_protocol
R1482,I,GG0091,I,excluded_group_protocol
R1483,I,GG0091,I,excluded_group_protocol
R1484,I,GG0091,I,excluded_group_protocol
R1485,I,GG0091,I,excluded_group_protocol
R1486,I,GG0091,I,excluded_group_protocol
R1487,I,GG0091,I,excluded_group_protocol
R1488,I,GG0091,I,excluded_group_protocol
R1489,I,GG0091,I,excluded_group_protocol
R1490,I,GG0091,I,excluded_group_protocol
R1491,I,GG0091,I,excluded_group_protocol
R1492,I,GG0091,I,excluded_group_protocol
R1493,I,GG0091,I,excluded_group_protocol
R1494,A,GG0092,A,excluded_group_protocol
R1495,A,GG0092,A,excluded_group_protocol
R1496,A,GG0092,A,excluded_group_protocol
R1497,A,GG0092,A,excluded_group_protocol
R1498,A,GG0092,A,excluded_group_protocol
R1499,A,GG0092,A,excluded_group_protocol
R1500,A,GG0092,A,excluded_group_protocol
R1501,A,GG0092,A,excluded_group_protocol
R1502,A,GG0092,A,excluded_group_protocol
R1503,A,GG0092,A,excluded_group_protocol
R1504,A,GG0092,A,excluded_group_protocol
R1505,A,GG0092,A,excluded_group_protocol
R1506,A,GG0092,A,excluded_group_protocol
R1507,S,GG0093,S,excluded_group_protocol
R1508,S,GG0093,S,excluded_group_protocol
R1509,S,GG0093,S,excluded_group_protocol
R1510,S,GG0093,S,excluded_group_protocol
R1511,S,GG0093,S,excluded_group_protocol
R1512,S,GG0093,S,excluded_group_protocol
R1513,S,GG0093,S,excluded_group_protocol
R1514,S,GG0093,S,excluded_group_protocol
R1515,S,GG0093,S,excluded_group_protocol
R1516,S,GG0093,S,excluded_group_protocol
R1517,S,GG0093,S,excluded_group_protocol
R1518,S,GG0093,S,excluded_group_protocol
R1519,S,GG0093,S,excluded_group_protocol
R1520,S,GG0093,S,excluded_group_protocol
R1521,S,GG0093,S,excluded_group_protocol
R1522,S,GG0093,S,excluded_group_protocol
R1523,S,GG0093,S,excluded_group_protocol
R1524,S,GG0093,S,excluded_group_protocol
R1525,S,GG0093,S,excluded_group_protocol
R1526,S,GG0093,S,excluded_group_protocol
R1527,S,GG0093,S,excluded_group_protocol
R1528,S,GG0094,S,excluded_group_protocol
R1529,S,GG0094,S,excluded_group_protocol
R1530,S,GG0094,S,excluded_group_protocol
R1531,S,GG0094,S,excluded_group_protocol
R1532,S,GG0094,S,excluded_group_protocol
R1533,S,GG0094,S,excluded_group_protocol
R1534,S,GG0094,S,excluded_group_protocol
R1535,S,GG0094,S,excluded_group_protocol
R1536,S,GG0094,S,excluded_group_protocol
R1537,S,GG0094,S,excluded_group_protocol
R1538,S,GG0094,S,excluded_group_protocol
R1539,S,GG0094,S,excluded_group_protocol
R1540,S,GG0094,S,excluded_group_protocol
R1541,A,GG0095,A,excluded_group_protocol
R1542,A,GG0095,A,excluded_group_protocol
R1543,A,GG0095,A,excluded_group_protocol
R1544,A,GG0095,A,excluded_group_protocol
R1545,A,GG0095,A,excluded_group_protocol
R1546,A,GG0095,A,excluded_group_protocol
R1547,A,GG0095,A,excluded_group_protocol
R1548,A,GG0095,A,excluded_group_protocol
R1549,A,GG0095,A,excluded_group_protocol
R1550,A,GG0095,A,excluded_group_protocol
R1551,A,GG0095,A,excluded_group_protocol
R1552,A,GG0095,A,excluded_group_protocol
R1553,A,GG0095,A,excluded_group_protocol
R1554,A,GG0095,A,excluded_group_protocol
R1555,A,GG0095,A,excluded_group_protocol
R1556,A,GG0095,A,excluded_group_protocol
R1557,A,GG0095,A,excluded_group_protocol
R1558,A,GG0095,A,excluded_group_protocol
R1559,A,GG0095,A,excluded_group_protocol
R1560,A,GG0095,A,excluded_group_protocol
R1561,A,GG0095,A,excluded_group_protocol
R1562,A,GG0095,A,excluded_group_protocol
R1563,A,GG0095,A,excluded_group_protocol
R1564,A,GG0095,A,excluded_group_protocol
R1565,A,GG0095,A,excluded_group_protocol
R1566,A,GG0095,A,excluded_group_protocol
R1567,A,GG0095,A,excluded_group_protocol
R1568,A,GG0095,A,excluded_group_protocol
R1569,A,GG0095,A,excluded_group_protocol
R1570,A,GG0095,A,excluded_group_protocol
R1571,A,GG0095,A,excluded_group_protocol
R1572,A,GG0095,A,excluded_group_protocol
R1573,A,GG0095,A,excluded_group_protocol
R1574,S,GG0096,S,retained
R1575,S,GG0096,S,retained
R1576,S,GG0096,S,retained
R1577,S,GG0096,S,retained
R1578,S,GG0096,S,retained
R1579,S,GG0096,S,retained
R1580,S,GG0096,S,retained
R1581,S,GG0096,S,retained
R1582,S,GG0096,S,retained
R1583,S,GG0097,S,excluded_group_protocol
R1584,S,GG0097,S,excluded_group_protocol
R1585,S,GG0097,S,excluded_group_protocol
R1586,S,GG0097,S,excluded_group_protocol
R1587,S,GG0097,S,excluded_group_protocol
R1588,S,GG0097,S,excluded_group_protocol
R1589,S,GG0097,S,excluded_group_protocol
R1590,S,GG0097,S,excluded_group_protocol
R1591,I,GG0039,I,retained
R1592,I,GG0039,I,retained
R1593,I,GG0039,I,retained
R1594,I,GG0039,I,retained
R1595,I,GG0039,I,retained
R1596,I,GG0039,I,retained
R1597,I,GG0039,I,retained
R1598,I,GG0039,I,retained
R1599,I,GG0039,I,retained
R1600,I,GG0039,I,retained
R1601,I,GG0039,I,retained
R1602,I,GG0039,I,retained
R1603,I,GG0039,I,retained
R1604,I,GG0039,I,retained
R1605,I,GG0039,I,retained
R1606,I,GG0039,I,retained
R1607,I,GG0039,I,retained
R1608,I,GG0039,I,retained
R1609,I,GG0039,I,retained
R1610,I,GG0039,I,retained
R1611,I,GG0039,I,retained
R1612,I,GG0039,I,retained
R1613,I,GG0039,I,retained
R1614,I,GG0039,I,retained
R1615,I,GG0039,I,retained
R1616,I,GG0039,I,retained
R1617,I,GG0039,I,retained
R1618,I,GG0039,I,retained
R1619,I,GG0039,I,retained
R1620,I,GG0039,I,retained
R1621,I,GG0039,I,retained
R1622,I,GG0039,I,retained
R1623,I,GG0039,I,retained
R1624,I,GG0039,I,retained
R1625,I,GG0039,I,retained
R1626,I,GG0039,I,retained
R1627,I,GG0039,I,retained
R1628,I,GG0039,I,retained
R1629,I,GG0039,I,retained
R1630,I,GG0039,I,retained
R1631,I,GG0039,I,retained
R1632,I,GG0039,I,retained
R1633,I,GG0039,I,retained
R1634,I,GG0039,I,retained
R1635,I,GG0039,I,retained
R1636,I,GG0039,I,retained
R1637,I,GG0098,I,excluded_group_protocol
R1638,I,GG0098,I,excluded_group_protocol
R1639,I,GG0098,I,excluded_group_protocol
R1640,I,GG0098,I,excluded_group_protocol
R1641,I,GG0098,I,excluded_group_protocol
R1642,I,GG0098,I,excluded_group_protocol
R1643,I,GG0098,I,excluded_group_protocol
R1644,I,GG0098,I,excluded_group_protocol
R1645,I,GG0098,I,excluded_group_protocol
R1646,I,GG0098,I,excluded_group_protocol
R1647,I,GG0098,I,excluded_group_protocol
R1648,I,GG0098,I,excluded_group_protocol
R1649,I,GG0098,I,excluded_group_protocol
R1650,I,GG0098,I,excluded_group_protocol
R1651,I,GG0098,I,excluded_group_protocol
R1652,I,GG0098,I,excluded_group_protocol
R1653,I,GG0098,I,excluded_group_protocol
R1654,I,GG0098,I,excluded_group_protocol
R1655,S,GG0024,S,retained
R1656,S,GG0024,S,retained
R1657,S,GG0024,S,retained
R1658,S,GG0024,S,retained
R1659,S,GG0024,S,retained
R1660,S,GG0024,S,retained
R1661,S,GG0024,S,retained
R1662,S,GG0024,S,retained
R1663,S,GG0024,S,retained
R1664,S,GG0024,S,retained
R1665,S,GG0024,S,retained
R1666,S,GG0024,S,retained
R1667,S,GG0024,S,retained
R1668,S,GG0024,S,retained
R1669,S,GG0024,S,retained
R1670,S,GG0024,S,retained
R1671,S,GG0024,S,retained
R1672,S,GG0024,S,retained
R1673,S,GG0024,S,retained
R1674,S,GG0024,S,retained
R1675,I,GG0044,I,excluded_group_protocol
R1676,I,GG0044,I,excluded_group_protocol
R1677,I,GG0044,I,excluded_group_protocol
R1678,I,GG0044,I,excluded_group_protocol
R1679,I,GG0044,I,excluded_group_protocol
R1680,S,GG0099,S,retained
R1681,S,GG0099,S,retained
R1682,S,GG0099,S,retained
R1683,S,GG0099,S,retained
R1684,S,GG0099,S,retained
R1685,S,GG0099,S,retained
R1686,S,GG0099,S,retained
R1687,S,GG0100,S,excluded_group_protocol
R1688,S,GG0100,S,excluded_group_protocol
R1689,S,GG0100,S,excluded_group_protocol
R1690,S,GG0100,S,excluded_group_protocol
R1691,S,GG0100,S,excluded_group_protocol
R1692,S,GG0100,S,excluded_group_protocol
R1693,S,GG0100,S,excluded_group_protocol
R1694,S,GG0100,S,excluded_group_protocol
R1695,S,GG0100,S,excluded_group_protocol
R1696,S,GG0100,S,excluded_group_protocol
R1697,S,GG0100,S,excluded_group_protocol
R1698,S,GG0100,S,excluded_group_protocol
R1699,S,GG0100,S,excluded_group_protocol
R1700,S,GG0018,S,retained
R1701,S,GG0018,S,retained
R1702,S,GG0018,S,retained
R1703,S,GG0018,S,retained
R1704,S,GG0018,S,retained
R1705,S,GG0018,S,retained
R1706,S,GG0018,S,retained
R1707,S,GG0018,S,retained
R1708,S,GG0018,S,retained
R1709,S,GG0018,S,retained
R1710,S,GG0018,S,retained
R1711,S,GG0018,S,retained
R1712,S,GG0018,S,retained
R1713,S,GG0018,S,retained
R1714,S,GG0018,S,retained
R1715,I,GG0101,I,retained
R1716,I,GG0101,I,retained
R1717,I,GG0101,I,retained
R1718,I,GG0101,I,retained
R1719,I,GG0101,I,retained
R1720,A,GG0102,A,retained
R1721,A,GG0102,A,retained
R1722,A,GG0102,A,retained
R1723,A,GG0102,A,retained
R1724,A,GG0102,A,retained
R1725,A,GG0102,A,retained
R1726,A,GG0102,A,retained
R1727,A,GG0102,A,retained
R1728,A,GG0102,A,retained
R1729,A,GG0102,A,retained
R1730,A,GG0102,A,retained
R1731,A,GG0102,A,retained
R1732,A,GG0102,A,retained
R1733,A,GG0102,A,retained
R1734,A,GG0102,A,retained
R1735,A,GG0102,A,retained
R1736,A,GG0102,A,retained
R1737,A,GG0102,A,retained
R1738,A,GG0102,A,retained
R1739,A,GG0102,A,retained
R1740,A,GG0037,A,retained
R1741,A,GG0037,A,retained
R1742,A,GG0037,A,retained
R1743,A,GG0037,A,retained
R1744,A,GG0037,A,retained
R1745,A,GG0037,A,retained
R1746,I,GG0103,I,retained
R1747,I,GG0103,I,retained
R1748,I,GG0103,I,retained
R1749,I,GG0103,I,retained
R1750,I,GG0103,I,retained
R1751,I,GG0103,I,retained
R1752,I,GG0103,I,retained
R1753,I,GG0103,I,retained
R1754,I,GG0103,I,retained
R1755,I,GG0103,I,retained
R1756,I,GG0103,I,retained
R1757,I,GG0103,I,retained
R1758,A,GG0104,A,excluded_group_protocol
R1759,A,GG0104,A,excluded_group_protocol
R1760,A,GG0104,A,excluded_group_protocol
R1761,A,GG0104,A,excluded_group_protocol
R1762,A,GG0104,A,excluded_group_protocol
R1763,A,GG0104,A,excluded_group_protocol
R1764,I,GG0105,I,excluded_group_protocol
R1765,I,GG0105,I,excluded_group_protocol
R1766,I,GG0105,I,excluded_group_protocol
R1767,I,GG0105,I,excluded_group_protocol
R1768,I,GG0105,I,excluded_group_protocol
R1769,I,GG0105,I,excluded_group_protocol
R1770,I,GG0105,I,excluded_group_protocol
R1771,I,GG0105,I,excluded_group_protocol
R1772,I,GG0105,I,excluded_group_protocol
R1773,I,GG0105,I,excluded_group_protocol
R1774,I,GG0105,I,excluded_group_protocol
R1775,I,GG0106,I,excluded_group_protocol
R1776,I,GG0106,I,excluded_group_protocol
R1777,I,GG0106,I,excluded_group_protocol
R1778,I,GG0106,I,excluded_group_protocol
R1779,I,GG0106,I,excluded_group_protocol
R1780,I,GG0106,I,excluded_group_protocol
R1781,I,GG0106,I,excluded_group_protocol
R1782,I,GG0106,I,excluded_group_protocol
R1783,I,GG0106,I,excluded_group_protocol
R1784,I,GG0106,I,excluded_group_protocol
R1785,I,GG0106,I,excluded_group_protocol
R1786,I,GG0106,I,excluded_group_protocol
R1787,I,GG0106,I,excluded_group_protocol
R1788,I,GG0106,I,excluded_group_protocol
R1789,I,GG0106,I,excluded_group_protocol
R1790,I,GG0106,I,excluded_group_protocol
R1791,I,GG0106,I,excluded_group_protocol
R1792,I,GG0106,I,excluded_group_protocol
R1793,I,GG0106,I,excluded_group_protocol
R1794,I,GG0106,I,excluded_group_protocol
R1795,I,GG0106,I,excluded_group_protocol
R1796,I,GG0106,I,excluded_group_protocol
R1797,I,GG0106,I,excluded_group_protocol
R1798,I,GG0106,I,excluded_group_protocol
R1799,I,GG0106,I,excluded_group_protocol
R1800,I,GG0029,I,retained
R1801,I,GG0029,I,retained
R1802,I,GG0029,I,retained
R1803,I,GG0029,I,retained
R1804,I,GG0029,I,retained
R1805,I,GG0029,I,retained
R1806,I,GG0029,I,retained
R1807,I,GG0107,I,excluded_group_protocol
R1808,I,GG0107,I,excluded_group_protocol
R1809,I,GG0107,I,excluded_group_protocol
R1810,I,GG0107,I,excluded_group_protocol
R1811,I,GG0107,I,excluded_group_protocol
R1812,A,GG0108,A,excluded_group_protocol
R1813,A,GG0108,A,excluded_group_protocol
R1814,A,GG0108,A,excluded_group_protocol
R1815,A,GG0108,A,excluded_group_protocol
R1816,A,GG0108,A,excluded_group_protocol
R1817,A,GG0108,A,excluded_group_protocol
R1818,A,GG0108,A,excluded_group_protocol
R1819,A,GG0108,A,excluded_group_protocol
R1820,A,GG0108,A,excluded_group_protocol
R1821,A,GG0108,A,excluded_group_protocol
R1822,A,GG0108,A,excluded_group_protocol
R1823,A,GG0108,A,excluded_group_protocol
R1824,A,GG0108,A,excluded_group_protocol
R1825,A,GG0108,A,excluded_group_protocol
R1826,A,GG0108,A,excluded_group_protocol
R1827,A,GG0108,A,excluded_group_protocol
R1828,A,GG0108,A,excluded_group_protocol
R1829,A,GG0108,A,excluded_group_protocol
R1830,A,GG0108,A,excluded_group_protocol
R1831,A,GG0108,A,excluded_group_protocol
R1832,A,GG0108,A,excluded_group_protocol
R1833,A,GG0108,A,excluded_group_protocol
R1834,A,GG0108,A,excluded_group_protocol
R1835,A,GG0108,A,excluded_group_protocol
R1836,A,GG0108,A,excluded_group_protocol
R1837,A,GG0108,A,excluded_group_protocol
R1838,A,GG0108,A,excluded_group_protocol
R1839,A,GG0108,A,excluded_group_protocol
R1840,A,GG0108,A,excluded_group_protocol
R1841,A,GG0108,A,excluded_group_protocol
R1842,A,GG0108,A,excluded_group_protocol
R1843,A,GG0108,A,excluded_group_protocol
R1844,A,GG0108,A,excluded_group_protocol
R1845,A,GG0108,A,excluded_group_protocol
R1846,A,GG0108,A,excluded_group_protocol
R1847,A,GG0108,A,excluded_group_protocol
R1848,A,GG0108,A,excluded_group_protocol
R1849,A,GG0108,A,excluded_group_protocol
R1850,A,GG0108,A,excluded_group_protocol
R1851,A,GG0108,A,excluded_group_protocol
R1852,I,GG0109,I,excluded_group_protocol
R1853,I,GG0109,I,excluded_group_protocol
R1854,I,GG0109,I,excluded_group_protocol
R1855,I,GG0109,I,excluded_group_protocol
R1856,I,GG0109,I,excluded_group_protocol
R1857,I,GG0109,I,excluded_group_protocol
R1858,I,GG0109,I,excluded_group_protocol
R1859,I,GG0109,I,excluded_group_protocol
R1860,I,GG0109,I,excluded_group_protocol
R1861,I,GG0110,I,excluded_group_protocol
R1862,I,GG0110,I,excluded_group_protocol
R1863,I,GG0110,I,excluded_group_protocol
R1864,I,GG0110,I,excluded_group_protocol
R1865,I,GG0110,I,excluded_group_protocol
R1866,I,GG0110,I,excluded_group_protocol
R1867,I,GG0110,I,excluded_group_protocol
R1868,I,GG0110,I,excluded_group_protocol
R1869,I,GG0110,I,excluded_group_protocol
R1870,I,GG0110,I,excluded_group_protocol
R1871,I,GG0110,I,excluded_group_protocol
R1872,I,GG0110,I,excluded_group_protocol
R1873,I,GG0110,I,excluded_group_protocol
R1874,I,GG0111,I,excluded_group_protocol
R1875,I,GG0111,I,excluded_group_protocol
R1876,I,GG0111,I,excluded_group_protocol
R1877,I,GG0111,I,excluded_group_protocol
R1878,I,GG0111,I,excluded_group_protocol
R1879,I,GG0111,I,excluded_group_protocol
R1880,I,GG0111,I,excluded_group_protocol
R1881,I,GG0111,I,excluded_group_protocol
R1882,I,GG0111,I,excluded_group_protocol
R1883,I,GG0111,I,excluded_group_protocol
R1884,I,GG0111,I,excluded_group_protocol
R1885,I,GG0111,I,excluded_group_protocol
R1886,I,GG0111,I,excluded_group_protocol
R1887,I,GG0111,I,excluded_group_protocol
R1888,I,GG0111,I,excluded_group_protocol
R1889,I,GG0111,I,excluded_group_protocol
R1890,I,GG0111,I,excluded_group_protocol
R1891,I,GG0111,I,excluded_group_protocol
R1892,I,GG0111,I,excluded_group_protocol
R1893,I,GG0111,I,excluded_group_protocol
R1894,I,GG0111,I,excluded_group_protocol
R1895,I,GG0111,I,excluded_group_protocol
R1896,I,GG0111,I,excluded_group_protocol
R1897,I,GG0111,I,excluded_group_protocol
R1898,I,GG0111,I,excluded_group_protocol
R1899,I,GG0111,I,excluded_group_protocol
R1900,I,GG0111,I,excluded_group_protocol
R1901,I,GG0111,I,excluded_group_protocol
R1902,I,GG0111,I,excluded_group_protocol
R1903,I,GG0111,I,excluded_group_protocol
R1904,I,GG0111,I,excluded_group_protocol
R1905,I,GG0111,I,excluded_group_protocol
R1906,I,GG0111,I,excluded_group_protocol
R1907,I,GG0111,I,excluded_group_protocol
R1908,I,GG0111,I,excluded_group_protocol
R1909,S,GG0030,S,excluded_weak_mixed_group_minority
R1910,S,GG0030,S,excluded_weak_mixed_group_minority
R1911,S,GG0030,S,excluded_weak_mixed_group_minority
R1912,S,GG0030,S,excluded_weak_mixed_group_minority
R1913,S,GG0030,S,excluded_weak_mixed_group_minority
R1914,S,GG0030,S,excluded_weak_mixed_group_minority
R1915,S,GG0030,S,excluded_weak_mixed_group_minority
R1916,S,GG0030,S,excluded_weak_mixed_group_minority
R1917,S,GG0030,S,excluded_weak_mixed_group_minority
R1918,S,GG0030,S,excluded_weak_mixed_group_minority
R1919,I,GG0030,I,retained
R1920,I,GG0030,I,retained
R1921,I,GG0030,I,retained
R1922,I,GG0030,I,retained
R1923,I,GG0030,I,retained
R1924,I,GG0030,I,retained
R1925,I,GG0030,I,retained
R1926,I,GG0030,I,retained
R1927,I,GG0030,I,retained
R1928,I,GG0030,I,retained
R1929,I,GG0030,I,retained
R1930,I,GG0030,I,retained
R1931,I,GG0030,I,retained
R1932,I,GG0030,I,retained
R1933,I,GG0030,I,retained
R1934,I,GG0030,I,retained
R1935,I,GG0030,I,retained
R1936,I,GG0030,I,retained
R1937,I,GG0030,I,retained
R1938,I,GG0030,I,retained
R1939,I,GG0030,I,retained
R1940,I,GG0030,I,retained
R1941,I,GG0030,I,retained
R1942,I,GG0030,I,retained
R1943,I,GG0030,I,retained
R1944,I,GG0030,I,retained
R1945,I,GG0030,I,retained
R1946,I,GG0030,I,retained
R1947,I,GG0030,I,retained
R1948,I,GG0030,I,retained
R1949,I,GG0030,I,retained
R1950,I,GG0030,I,retained
R1951,I,GG0030,I,retained
R1952,I,GG0030,I,retained
R1953,I,GG0030,I,retained
R1954,I,GG0030,I,retained
R1955,I,GG0030,I,retained
R1956,I,GG0030,I,retained
R1957,I,GG0030,I,retained
R1958,I,GG0030,I,retained
R1959,I,GG0030,I,retained
R1960,I,GG0030,I,retained
R1961,I,GG0030,I,retained
R1962,I,GG0030,I,retained
R1963,I,GG0030,I,retained
R1964,I,GG0030,I,retained
R1965,I,GG0030,I,retained
R1966,I,GG0030,I,retained
R1967,I,GG0030,I,retained
R1968,I,GG0030,I,retained
R1969,I,GG0030,I,retained
R1970,S,GG0005,S,retained
R1971,S,GG0005,S,retained
R1972,S,GG0005,S,retained
R1973,S,GG0005,S,retained
R1974,S,GG0005,S,retained
R1975,S,GG0005,S,retained
R1976,S,GG0005,S,retained
R1977,S,GG0005,S,retained
R1978,S,GG0005,S,retained
R1979,S,GG0005,S,retained
R1980,S,GG0005,S,retained
R1981,S,GG0005,S,retained
R1982,S,GG0005,S,retained
R1983,S,GG0005,S,retained
R1984,S,GG0005,S,retained
R1985,S,GG0005,S,retained
R1986,S,GG0005,S,retained
R1987,S,GG0005,S,retained
R1988,S,GG0005,S,retained
R1989,S,GG0005,S,retained
R1990,S,GG0005,S,retained
R1991,S,GG0005,S,retained
R1992,S,GG0005,S,retained
R1993,S,GG0005,S,retained
R1994,S,GG0005,S,retained
R1995,S,GG0005,S,retained
R1996,S,GG0005,S,retained
R1997,S,GG0005,S,retained
R1998,S,GG0005,S,retained
R1999,S,GG0005,S,retained
R2000,S,GG0005,S,retained
R2001,S,GG0005,S,retained
R2002,S,GG0005,S,retained
R2003,S,GG0005,S,retained
R2004,S,GG0005,S,retained
R2005,S,GG0005,S,retained
R2006,S,GG0005,S,retained
R2007,S,GG0005,S,retained
R2008,S,GG0005,S,retained
R2009,S,GG0005,S,retained
R2010,S,GG0005,S,retained
R2011,S,GG0005,S,retained
R2012,S,GG0005,S,retained
R2013,S,GG0005,S,retained
R2014,S,GG0005,S,retained
R2015,S,GG0005,S,retained
R2016,S,GG0005,S,retained
R2017,S,GG0005,S,retained
R2018,S,GG0005,S,retained
R2019,S,GG0005,S,retained
R2020,S,GG0005,S,retained
R2021,S,GG0005,S,retained
R2022,S,GG0005,S,retained
R2023,S,GG0005,S,retained
R2024,S,GG0005,S,retained
R2025,I,GG0009,I,retained
R2026,I,GG0009,I,retained
R2027,I,GG0009,I,retained
R2028,I,GG0009,I,retained
R2029,I,GG0009,I,retained
R2030,I,GG0009,I,retained
R2031,I,GG0009,I,retained
R2032,I,GG0009,I,retained
R2033,I,GG0009,I,retained
R2034,I,GG0009,I,retained
R2035,I,GG0009,I,retained
R2036,I,GG0009,I,retained
R2037,I,GG0009,I,retained
R2038,I,GG0009,I,retained
R2039,I,GG0009,I,retained
R2040,I,GG0009,I,retained
R2041,I,GG0009,I,retained
R2042,I,GG0009,I,retained
R2043,I,GG0009,I,retained
R2044,I,GG0009,I,retained
R2045,I,GG0009,I,retained
R2046,I,GG0009,I,retained
R2047,I,GG0009,I,retained
R2048,I,GG0009,I,retained
R2049,I,GG0009,I,retained
R2050,I,GG0009,I,retained
R2051,I,GG0009,I,retained
R2052,I,GG0009,I,retained
R2053,I,GG0009,I,retained
R2054,I,GG0009,I,retained
R2055,I,GG0009,I,retained
R2056,I,GG0009,I,retained
R2057,I,GG0009,I,retained
R2058,I,GG0009,I,retained
R2059,I,GG0009,I,retained
R2060,I,GG0009,I,retained
R2061,I,GG0009,I,retained
R2062,I,GG0009,I,retained
R2063,I,GG0009,I,retained
R2064,I,GG0009,I,retained
R2065,I,GG0009,I,retained
R2066,I,GG0009,I,retained
R2067,I,GG0009,I,retained
R2068,I,GG0009,I,retained
R2069,I,GG0009,I,retained
R2070,I,GG0009,I,retained
R2071,I,GG0009,I,retained
R2072,I,GG0009,I,retained
R2073,I,GG0009,I,retained
R2074,I,GG0009,I,retained
R2075,I,GG0009,I,retained
R2076,I,GG0009,I,retained
R2077,I,GG0009,I,retained
R2078,I,GG0009,I,retained
R2079,I,GG0009,I,retained
R2080,I,GG0112,I,excluded_group_protocol
R2081,I,GG0112,I,excluded_group_protocol
R2082,I,GG0112,I,excluded_group_protocol
R2083,I,GG0112,I,excluded_group_protocol
R2084,I,GG0112,I,excluded_group_protocol
R2085,I,GG0112,I,excluded_group_protocol
R2086,I,GG0112,I,excluded_group_protocol
R2087,I,GG0112,I,excluded_group_protocol
R2088,I,GG0112,I,excluded_group_protocol
R2089,I,GG0112,I,excluded_group_protocol
R2090,I,GG0112,I,excluded_group_protocol
R2091,S,GG0113,S,excluded_group_protocol
R2092,S,GG0113,S,excluded_group_protocol
R2093,S,GG0113,S,excluded_group_protocol
R2094,S,GG0113,S,excluded_group_protocol
R2095,S,GG0113,S,excluded_group_protocol
R2096,S,GG0113,S,excluded_group_protocol
R2097,S,GG0113,S,excluded_group_protocol
R2098,S,GG0113,S,excluded_group_protocol
R2099,S,GG0113,S,excluded_group_protocol
R2100,S,GG0113,S,excluded_group_protocol
R2101,S,GG0113,S,excluded_group_protocol
R2102,S,GG0113,S,excluded_group_protocol
R2103,A,GG0114,A,excluded_group_protocol
R2104,A,GG0114,A,excluded_group_protocol
R2105,A,GG0114,A,excluded_group_protocol
R2106,A,GG0114,A,excluded_group_protocol
R2107,A,GG0114,A,excluded_group_protocol
R2108,A,GG0114,A,excluded_group_protocol
R2109,A,GG0114,A,excluded_group_protocol
R2110,A,GG0114,A,excluded_group_protocol
R2111,A,GG0114,A,excluded_group_protocol
R2112,A,GG0114,A,excluded_group_protocol
R2113,A,GG0114,A,excluded_group_protocol
R2114,A,GG0114,A,excluded_group_protocol
R2115,A,GG0114,A,excluded_group_protocol
R2116,A,GG0114,A,excluded_group_protocol
R2117,A,GG0114,A,excluded_group_protocol
R2118,A,GG0114,A,excluded_group_protocol
R2119,S,GG0115,S,excluded_group_protocol
R2120,S,GG0115,S,excluded_group_protocol
R2121,S,GG0115,S,excluded_group_protocol
R2122,S,GG0115,S,excluded_group_protocol
R2123,S,GG0115,S,excluded_group_protocol
R2124,S,GG0115,S,excluded_group_protocol
R2125,S,GG0115,S,excluded_group_protocol
R2126,S,GG0115,S,excluded_group_protocol
R2127,S,GG0115,S,excluded_group_protocol
R2128,S,GG0115,S,excluded_group_protocol
R2129,S,GG0115,S,excluded_group_protocol
R2130,S,GG0115,S,excluded_group_protocol
R2131,S,GG0115,S,excluded_group_protocol
R2132,S,GG0115,S,excluded_group_protocol
R2133,S,GG0115,S,excluded_group_protocol
R2134,S,GG0115,S,excluded_group_protocol
R2135,S,GG0115,S,excluded_group_protocol
R2136,S,GG0115,S,excluded_group_protocol
R2137,S,GG0115,S,excluded_group_protocol
R2138,S,GG0115,S,excluded_group_protocol
R2139,S,GG0115,S,excluded_group_protocol
R2140,S,GG0115,S,excluded_group_protocol
R2141,S,GG0115,S,excluded_group_protocol
R2142,S,GG0033,S,excluded_group_protocol
R2143,S,GG0033,S,excluded_group_protocol
R2144,S,GG0033,S,excluded_group_protocol
R2145,S,GG0033,S,excluded_group_protocol
R2146,S,GG0033,S,excluded_group_protocol
R2147,S,GG0033,S,excluded_group_protocol
R2148,I,GG0039,I,retained
R2149,I,GG0039,I,retained
R2150,I,GG0039,I,retained
R2151,I,GG0039,I,retained
R2152,I,GG0039,I,retained
R2153,I,GG0039,I,retained
R2154,I,GG0039,I,retained
R2155,I,GG0039,I,retained
R2156,I,GG0039,I,retained
R2157,I,GG0039,I,retained
R2158,I,GG0039,I,retained
R2159,I,GG0039,I,retained
R2160,I,GG0039,I,retained
R2161,I,GG0039,I,retained
R2162,I,GG0039,I,retained
R2163,I,GG0039,I,retained
R2164,I,GG0039,I,retained
R2165,I,GG0039,I,retained
R2166,I,GG0039,I,retained
R2167,I,GG0039,I,retained
R2168,I,GG0039,I,retained
R2169,I,GG0039,I,retained
R2170,I,GG0039,I,retained
R2171,I,GG0039,I,retained
R2172,I,GG0039,I,retained
R2173,I,GG0039,I,retained
R2174,I,GG0039,I,retained
R2175,I,GG0039,I,retained
R2176,I,GG0039,I,retained
R2177,I,GG0039,I,retained
R2178,I,GG0039,I,retained
R2179,I,GG0039,I,retained
R2180,I,GG0039,I,retained
R2181,I,GG0039,I,retained
R2182,I,GG0039,I,retained
R2183,I,GG0039,I,retained
R2184,I,GG0039,I,retained
R2185,I,GG0039,I,retained
R2186,I,GG0039,I,retained
R2187,I,GG0039,I,retained
R2188,I,GG0039,I,retained
R2189,I,GG0039,I,retained
R2190,I,GG0039,I,retained
R2191,I,GG0039,I,retained
R2192,I,GG0039,I,retained
R2193,I,GG0039,I,retained
R2194,I,GG0039,I,retained
R2195,I,GG0039,I,retained
R2196,I,GG0039,I,retained
R2197,I,GG0039,I,retained
R2198,I,GG0039,I,retained
R2199,I,GG0039,I,retained
R2200,I,GG0039,I,retained
R2201,I,GG0039,I,retained
R2202,I,GG0039,I,retained
R2203,I,GG0039,I,retained
R2204,I,GG0116,I,excluded_group_protocol
R2205,I,GG0116,I,excluded_group_protocol
R2206,I,GG0116,I,excluded_group_protocol
R2207,I,GG0116,I,excluded_group_protocol
R2208,I,GG0116,I,excluded_group_protocol
R2209,I,GG0116,I,excluded_group_protocol
R2210,I,GG0116,I,excluded_group_protocol
R2211,I,GG0116,I,excluded_group_protocol
R2212,I,GG0116,I,excluded_group_protocol
R2213,I,GG0116,I,excluded_group_protocol
R2214,I,GG0117,I,excluded_group_protocol
R2215,I,GG0117,I,excluded_group_protocol
R2216,I,GG0117,I,excluded_group_protocol
R2217,I,GG0117,I,excluded_group_protocol
R2218,I,GG0117,I,excluded_group_protocol
R2219,I,GG0117,I,excluded_group_protocol
R2220,I,GG0117,I,excluded_group_protocol
R2221,I,GG0117,I,excluded_group_protocol
R2222,I,GG0117,I,excluded_group_protocol
R2223,I,GG0117,I,excluded_group_protocol
R2224,I,GG0117,I,excluded_group_protocol
R2225,I,GG0117,I,excluded_group_protocol
R2226,I,GG0117,I,excluded_group_protocol
R2227,I,GG0117,I,excluded_group_protocol
R2228,I,GG0117,I,excluded_group_protocol
R2229,I,GG0117,I,excluded_group_protocol
R2230,I,GG0117,I,excluded_group_protocol
R2231,I,GG0117,I,excluded_group_protocol
R2232,I,GG0117,I,excluded_group_protocol
R2233,I,GG0117,I,excluded_group_protocol
R2234,I,GG0117,I,excluded_group_protocol
R2235,I,GG0117,I,excluded_group_protocol
R2236,I,GG0117,I,excluded_group_protocol
R2237,I,GG0117,I,excluded_group_protocol
R2238,I,GG0117,I,excluded_group_protocol
R2239,I,GG0117,I,excluded_group_protocol
R2240,S,GG0118,S,retained
R2241,S,GG0118,S,retained
R2242,S,GG0118,S,retained
R2243,S,GG0118,S,retained
R2244,S,GG0118,S,retained
R2245,S,GG0118,S,retained
R2246,S,GG0118,S,retained
R2247,S,GG0118,S,retained
R2248,S,GG0118,S,retained
R2249,S,GG0118,S,retained
R2250,S,GG0118,S,retained
R2251,S,GG0118,S,retained
R2252,S,GG0118,S,retained
R2253,S,GG0118,S,retained
R2254,S,GG0118,S,retained
R2255,S,GG0118,S,retained
R2256,S,GG0118,S,retained
R2257,S,GG0118,S,retained
R2258,S,GG0118,S,retained
R2259,S,GG0118,S,retained
R2260,S,GG0118,S,retained
R2261,S,GG0118,S,retained
R2262,S,GG0118,S,retained
R2263,S,GG0118,S,retained
R2264,S,GG0118,S,retained
R2265,S,GG0118,S,retained
R2266,S,GG0118,S,retained
R2267,S,GG0118,S,retained
R2268,S,GG0118,S,retained
R2269,S,GG0118,S,retained
R2270,S,GG0118,S,retained
R2271,S,GG0118,S,retained
R2272,S,GG0118,S,retained
R2273,S,GG0118,S,retained
R2274,S,GG0118,S,retained
R2275,S,GG0118,S,retained
R2276,S,GG0118,S,retained
R2277,S,GG0118,S,retained
R2278,S,GG0118,S,retained
R2279,S,GG0118,S,retained
R2280,S,GG0118,S,retained
R2281,S,GG0118,S,retained
R2282,S,GG0118,S,retained
R2283,S,GG0118,S,retained
R2284,S,GG0118,S,retained
R2285,S,GG0118,S,retained
R2286,S,GG0118,S,retained
R2287,S,GG0118,S,retained
R2288,S,GG0118,S,retained
R2289,S,GG0118,S,retained
R2290,S,GG0118,S,retained
R2291,S,GG0118,S,retained
R2292,S,GG0118,S,retained
R2293,S,GG0118,S,retained
R2294,S,GG0118,S,retained
R2295,S,GG0118,S,retained
R2296,S,GG0118,S,retained
R2297,S,GG0118,S,retained
R2298,S,GG0118,S,retained
R2299,S,GG0118,S,retained
R2300,S,GG0118,S,retained
R2301,S,GG0118,S,retained
R2302,S,GG0118,S,retained
R2303,S,GG0118,S,retained
R2304,S,GG0118,S,retained
R2305,S,GG0040,S,retained
R2306,S,GG0040,S,retained
R2307,S,GG0040,S,retained
R2308,S,GG0040,S,retained
R2309,S,GG0040,S,retained
R2310,S,GG0040,S,retained
R2311,S,GG0040,S,retained
R2312,S,GG0040,S,retained
R2313,S,GG0040,S,retained
R2314,S,GG0040,S,retained
R2315,S,GG0040,S,retained
R2316,S,GG0040,S,retained
R2317,S,GG0040,S,retained
R2318,S,GG0040,S,retained
R2319,S,GG0040,S,retained
R2320,S,GG0040,S,retained
R2321,S,GG0040,S,retained
R2322,S,GG0040,S,retained
R2323,S,GG0040,S,retained
R2324,S,GG0040,S,retained
R2325,S,GG0040,S,retained
R2326,S,GG0040,S,retained
R2327,S,GG0040,S,retained
R2328,S,GG0040,S,retained
R2329,S,GG0040,S,retained
R2330,S,GG0040,S,retained
R2331,S,GG0040,S,retained
R2332,S,GG0040,S,retained
R2333,S,GG0040,S,retained
R2334,S,GG0040,S,retained
R2335,S,GG0040,S,retained
R2336,S,GG0040,S,retained
R2337,S,GG0040,S,retained
R2338,I,GG0004,I,retained
R2339,I,GG0004,I,retained
R2340,I,GG0004,I,retained
R2341,I,GG0004,I,retained
R2342,I,GG0004,I,retained
R2343,I,GG0004,I,retained
R2344,I,GG0004,I,retained
R2345,I,GG0004,I,retained
R2346,I,GG0004,I,retained
R2347,I,GG0004,I,retained
R2348,I,GG0004,I,retained
R2349,I,GG0004,I,retained
R2350,I,GG0004,I,retained
R2351,I,GG0004,I,retained
R2352,I,GG0004,I,retained
R2353,I,GG0004,I,retained
R2354,I,GG0004,I,retained
R2355,I,GG0004,I,retained
R2356,I,GG0004,I,retained
R2357,I,GG0004,I,retained
R2358,I,GG0004,I,retained
R2359,I,GG0004,I,retained
R2360,I,GG0004,I,retained
R2361,I,GG0004,I,retained
R2362,I,GG0004,I,retained
R2363,I,GG0004,I,retained
R2364,I,GG0004,I,retained
R2365,I,GG0004,I,retained
R2366,I,GG0004,I,retained
R2367,I,GG0004,I,retained
R2368,I,GG0004,I,retained
R2369,I,GG0004,I,retained
R2370,I,GG0004,I,retained
R2371,I,GG0004,I,retained
R2372,I,GG0004,I,retained
R2373,I,GG0004,I,retained
R2374,I,GG0004,I,retained
R2375,I,GG0004,I,retained
R2376,I,GG0004,I,retained
R2377,I,GG0004,I,retained
R2378,I,GG0004,I,retained
R2379,I,GG0004,I,retained
R2380,I,GG0004,I,retained
R2381,I,GG0004,I,retained
R2382,I,GG0004,I,retained
R2383,I,GG0004,I,retained
R2384,I,GG0004,I,retained
R2385,I,GG0004,I,retained
R2386,I,GG0004,I,retained
R2387,I,GG0004,I,retained
R2388,I,GG0004,I,retained
R2389,I,GG0004,I,retained
R2390,I,GG0004,I,retained
R2391,I,GG0004,I,retained
R2392,I,GG0004,I,retained
R2393,I,GG0004,I,retained
R2394,I,GG0004,I,retained
R2395,I,GG0004,I,retained
R2396,I,GG0004,I,retained
R2397,I,GG0004,I,retained
R2398,I,GG0004,I,retained
R2399,I,GG0004,I,retained
R2400,I,GG0004,I,retained
R2401,I,GG0004,I,retained
R2402,I,GG0004,I,retained
R2403,I,GG0004,I,retained
R2404,I,GG0004,I,retained
R2405,A,GG0119,A,excluded_group_protocol
R2406,A,GG0119,A,excluded_group_protocol
R2407,A,GG0119,A,excluded_group_protocol
R2408,A,GG0119,A,excluded_group_protocol
R2409,A,GG0119,A,excluded_group_protocol
R2410,A,GG0119,A,excluded_group_protocol
R2411,A,GG0119,A,excluded_group_protocol
R2412,A,GG0119,A,excluded_group_protocol
R2413,A,GG0119,A,excluded_group_protocol
R2414,A,GG0119,A,excluded_group_protocol
R2415,A,GG0119,A,excluded_group_protocol
R2416,A,GG0119,A,excluded_group_protocol
R2417,S,GG0120,S,excluded_group_protocol
R2418,S,GG0120,S,excluded_group_protocol
R2419,S,GG0120,S,excluded_group_protocol
R2420,S,GG0120,S,excluded_group_protocol
R2421,S,GG0120,S,excluded_group_protocol
R2422,S,GG0120,S,excluded_group_protocol
R2423,S,GG0120,S,excluded_group_protocol
R2424,S,GG0120,S,excluded_group_protocol
R2425,S,GG0120,S,excluded_group_protocol
R2426,S,GG0120,S,excluded_group_protocol
R2427,S,GG0120,S,excluded_group_protocol
R2428,S,GG0120,S,excluded_group_protocol
R2429,S,GG0120,S,excluded_group_protocol
R2430,S,GG0120,S,excluded_group_protocol
R2431,S,GG0120,S,excluded_group_protocol
R2432,S,GG0120,S,excluded_group_protocol
R2433,S,GG0121,S,retained
R2434,S,GG0121,S,retained
R2435,S,GG0121,S,retained
R2436,S,GG0121,S,retained
R2437,S,GG0121,S,retained
R2438,S,GG0121,S,retained
R2439,I,GG0036,I,excluded_group_protocol
R2440,I,GG0036,I,excluded_group_protocol
R2441,I,GG0036,I,excluded_group_protocol
R2442,I,GG0036,I,excluded_group_protocol
R2443,I,GG0036,I,excluded_group_protocol
R2444,I,GG0036,I,excluded_group_protocol
R2445,I,GG0036,I,excluded_group_protocol
R2446,I,GG0036,I,excluded_group_protocol
R2447,I,GG0122,I,retained
R2448,I,GG0122,I,retained
R2449,I,GG0122,I,retained
R2450,I,GG0122,I,retained
R2451,I,GG0122,I,retained
R2452,I,GG0122,I,retained
R2453,I,GG0122,I,retained
R2454,I,GG0122,I,retained
R2455,I,GG0122,I,retained
R2456,I,GG0122,I,retained
R2457,I,GG0122,I,retained
R2458,I,GG0122,I,retained
R2459,I,GG0122,I,retained
R2460,I,GG0122,I,retained
R2461,I,GG0122,I,retained
R2462,I,GG0122,I,retained
R2463,I,GG0122,I,retained
R2464,I,GG0122,I,retained
R2465,I,GG0122,I,retained
R2466,S,GG0123,S,retained
R2467,S,GG0123,S,retained
R2468,S,GG0123,S,retained
R2469,S,GG0123,S,retained
R2470,S,GG0123,S,retained
R2471,S,GG0123,S,retained
R2472,S,GG0123,S,retained
R2473,S,GG0123,S,retained
R2474,S,GG0123,S,retained
R2475,S,GG0123,S,retained
R2476,S,GG0123,S,retained
R2477,S,GG0123,S,retained
R2478,S,GG0123,S,retained
R2479,S,GG0123,S,retained
R2480,S,GG0123,S,retained
R2481,S,GG0123,S,retained
R2482,S,GG0123,S,retained
R2483,S,GG0123,S,retained
R2484,S,GG0123,S,retained
R2485,S,GG0123,S,retained
R2486,S,GG0123,S,retained
R2487,S,GG0123,S,retained
R2488,S,GG0123,S,retained
R2489,S,GG0123,S,retained
R2490,S,GG0123,S,retained
R2491,S,GG0123,S,retained
R2492,S,GG0123,S,retained
R2493,S,GG0123,S,retained
R2494,S,GG0123,S,retained
R2495,S,GG0123,S,retained
R2496,S,GG0123,S,retained
R2497,S,GG0123,S,retained
R2498,S,GG0123,S,retained
R2499,S,GG0123,S,retained
R2500,S,GG0123,S,retained
R2501,S,GG0123,S,retained
R2502,S,GG0123,S,retained
R2503,S,GG0123,S,retained
R2504,S,GG0123,S,retained
R2505,S,GG0123,S,retained
R2506,S,GG0123,S,retained
R2507,I,GG0019,I,retained
R2508,I,GG0019,I,retained
R2509,I,GG0019,I,retained
R2510,I,GG0019,I,retained
R2511,I,GG0019,I,retained
R2512,I,GG0124,I,excluded_group_protocol
R2513,I,GG0124,I,excluded_group_protocol
R2514,I,GG0124,I,excluded_group_protocol
R2515,I,GG0124,I,excluded_group_protocol
R2516,I,GG0124,I,excluded_group_protocol
R2517,I,GG0124,I,excluded_group_protocol
R2518,I,GG0124,I,excluded_group_protocol
R2519,I,GG0124,I,excluded_group_protocol
R2520,I,GG0124,I,excluded_group_protocol
R2521,I,GG0008,I,retained
R2522,I,GG0008,I,retained
R2523,I,GG0008,I,retained
R2524,I,GG0008,I,retained
R2525,I,GG0008,I,retained
R2526,I,GG0008,I,retained
R2527,I,GG0008,I,retained
R2528,I,GG0008,I,retained
R2529,I,GG0008,I,retained
R2530,I,GG0008,I,retained
R2531,I,GG0008,I,retained
R2532,I,GG0008,I,retained
R2533,I,GG0008,I,retained
R2534,I,GG0008,I,retained
R2535,I,GG0008,I,retained
R2536,I,GG0008,I,retained
R2537,I,GG0008,I,retained
R2538,I,GG0008,I,retained
R2539,I,GG0008,I,retained
R2540,I,GG0008,I,retained
R2541,I,GG0008,I,retained
R2542,I,GG0008,I,retained
R2543,I,GG0008,I,retained
R2544,I,GG0008,I,retained
R2545,I,GG0008,I,retained
R2546,I,GG0008,I,retained
R2547,I,GG0008,I,retained
R2548,I,GG0008,I,retained
R2549,I,GG0008,I,retained
R2550,I,GG0008,I,retained
R2551,I,GG0008,I,retained
R2552,I,GG0008,I,retained
R2553,I,GG0008,I,retained
R2554,I,GG0008,I,retained
R2555,I,GG0008,I,retained
R2556,I,GG0008,I,retained
R2557,I,GG0008,I,retained
R2558,I,GG0008,I,retained
R2559,I,GG0008,I,retained
R2560,I,GG0008,I,retained
R2561,I,GG0008,I,retained
R2562,I,GG0008,I,retained
R2563,I,GG0008,I,retained
R2564,I,GG0008,I,retained
R2565,I,GG0008,I,retained
R2566,I,GG0008,I,retained
R2567,I,GG0008,I,retained
R2568,I,GG0125,I,retained
R2569,I,GG0125,I,retained
R2570,I,GG0125,I,retained
R2571,I,GG0125,I,retained
R2572,I,GG0125,I,retained
R2573,I,GG0125,I,retained
R2574,I,GG0125,I,retained
R2575,I,GG0125,I,retained
R2576,I,GG0125,I,retained
R2577,I,GG0125,I,retained
R2578,I,GG0125,I,retained
R2579,I,GG0125,I,retained
R2580,I,GG0125,I,retained
R2581,I,GG0125,I,retained
R2582,I,GG0125,I,retained
R2583,I,GG0125,I,retained
R2584,I,GG0125,I,retained
R2585,I,GG0125,I,retained
R2586,I,GG0125,I,retained
R2587,I,GG0125,I,retained
R2588,I,GG0125,I,retained
R2589,I,GG0125,I,retained
R2590,I,GG0125,I,retained
R2591,I,GG0125,I,retained
R2592,I,GG0125,I,retained
R2593,I,GG0125,I,retained
R2594,I,GG0125,I,retained
R2595,I,GG0125,I,retained
R2596,I,GG0125,I,retained
R2597,I,GG0125,I,retained
R2598,I,GG0125,I,retained
R2599,I,GG0125,I,retained
R2600,I,GG0125,I,retained
R2601,I,GG0002,I,retained
R2602,I,GG0002,I,retained
R2603,I,GG0002,I,retained
R2604,I,GG0002,I,retained
R2605,I,GG0002,I,retained
R2606,I,GG0002,I,retained
R2607,I,GG0002,I,retained
R2608,I,GG0002,I,retained
R2609,I,GG0002,I,retained
R2610,I,GG0002,I,retained
R2611,I,GG0002,I,retained
R2612,I,GG0002,I,retained
R2613,I,GG0002,I,retained
R2614,I,GG0002,I,retained
R2615,I,GG0002,I,retained
R2616,I,GG0002,I,retained
R2617,I,GG0002,I,retained
R2618,I,GG0002,I,retained
R2619,I,GG0002,I,retained
R2620,I,GG0002,I,retained
R2621,I,GG0002,I,retained
R2622,I,GG0002,I,retained
R2623,I,GG0002,I,retained
R2624,I,GG0002,I,retained
R2625,I,GG0002,I,retained
R2626,I,GG0002,I,retained
R2627,I,GG0002,I,retained
R2628,I,GG0002,I,retained
R2629,I,GG0002,I,retained
R2630,I,GG0002,I,retained
R2631,I,GG0002,I,retained
R2632,I,GG0002,I,retained
R2633,I,GG0002,I,retained
R2634,I,GG0002,I,retained
R2635,I,GG0002,I,retained
R2636,I,GG0002,I,retained
R2637,I,GG0002,I,retained
R2638,I,GG0002,I,retained
R2639,I,GG0002,I,retained
R2640,I,GG0002,I,retained
R2641,I,GG0002,I,retained
R2642,I,GG0015,I,retained
R2643,I,GG0015,I,retained
R2644,I,GG0015,I,retained
R2645,I,GG0015,I,retained
R2646,I,GG0015,I,retained
R2647,I,GG0015,I,retained
R2648,I,GG0015,I,retained
R2649,I,GG0015,I,retained
R2650,I,GG0015,I,retained
R2651,I,GG0015,I,retained
R2652,I,GG0015,I,retained
R2653,I,GG0015,I,retained
R2654,I,GG0015,I,retained
R2655,I,GG0015,I,retained
R2656,I,GG0015,I,retained
R2657,I,GG0015,I,retained
R2658,I,GG0015,I,retained
R2659,I,GG0015,I,retained
R2660,I,GG0015,I,retained
R2661,I,GG0015,I,retained
R2662,I,GG0015,I,retained
R2663,I,GG0015,I,retained
R2664,I,GG0015,I,retained
R2665,I,GG0015,I,retained
R2666,I,GG0015,I,retained
R2667,I,GG0015,I,retained
R2668,I,GG0015,I,retained
R2669,A,GG0032,A,retained
R2670,A,GG0032,A,retained
R2671,A,GG0032,A,retained
R2672,A,GG0032,A,retained
R2673,A,GG0032,A,retained
R2674,A,GG0032,A,retained
R2675,A,GG0032,A,retained
R2676,A,GG0032,A,retained
R2677,A,GG0032,A,retained
R2678,A,GG0032,A,retained
R2679,A,GG0032,A,retained
R2680,A,GG0032,A,retained
R2681,A,GG0032,A,retained
R2682,A,GG0032,A,retained
R2683,A,GG0032,A,retained
R2684,A,GG0032,A,retained
R2685,A,GG0032,A,retained
R2686,A,GG0032,A,retained
R2687,A,GG0032,A,retained
R2688,A,GG0032,A,retained
R2689,A,GG0032,A,retained
R2690,A,GG0032,A,retained
R2691,A,GG0032,A,retained
R2692,S,GG0023,S,retained
R2693,S,GG0023,S,retained
R2694,S,GG0023,S,retained
R2695,S,GG0023,S,retained
R2696,S,GG0023,S,retained
R2697,S,GG0023,S,retained
R2698,S,GG0023,S,retained
R2699,S,GG0023,S,retained
R2700,S,GG0023,S,retained
R2701,S,GG0023,S,retained
R2702,S,GG0023,S,retained
R2703,S,GG0023,S,retained
R2704,S,GG0023,S,retained
R2705,S,GG0023,S,retained
R2706,S,GG0023,S,retained
R2707,S,GG0023,S,retained
R2708,S,GG0023,S,retained
R2709,S,GG0023,S,retained
R2710,S,GG0023,S,retained
R2711,S,GG0023,S,retained
R2712,S,GG0023,S,retained
R2713,S,GG0023,S,retained
R2714,S,GG0023,S,retained
R2715,S,GG0023,S,retained
R2716,S,GG0023,S,retained
R2717,S,GG0023,S,retained
R2718,S,GG0023,S,retained
R2719,S,GG0023,S,retained
R2720,S,GG0023,S,retained
R2721,S,GG0023,S,retained
R2722,S,GG0023,S,retained
R2723,S,GG0023,S,retained
R2724,S,GG0023,S,retained
R2725,S,GG0023,S,retained
R2726,S,GG0023,S,retained
R2727,S,GG0023,S,retained
R2728,S,GG0023,S,retained
R2729,S,GG0023,S,retained
R2730,A,GG0126,A,retained
R2731,A,GG0126,A,retained
R2732,A,GG0126,A,retained
R2733,A,GG0126,A,retained
R2734,A,GG0126,A,retained
R2735,A,GG0126,A,retained
R2736,A,GG0126,A,retained
R2737,A,GG0126,A,retained
R2738,A,GG0126,A,retained
R2739,A,GG0126,A,retained
R2740,A,GG0126,A,retained
R2741,A,GG0126,A,retained
R2742,A,GG0126,A,retained
R2743,A,GG0126,A,retained
R2744,A,GG0126,A,retained
R2745,A,GG0126,A,retained
R2746,A,GG0126,A,retained
R2747,A,GG0126,A,retained
R2748,A,GG0126,A,retained
R2749,A,GG0126,A,retained
R2750,A,GG0126,A,retained
R2751,A,GG0126,A,retained
R2752,A,GG0126,A,retained
R2753,A,GG0126,A,retained
R2754,A,GG0126,A,retained
R2755,A,GG0126,A,retained
R2756,A,GG0126,A,retained
R2757,A,GG0126,A,retained
R2758,A,GG0126,A,retained
R2759,A,GG0126,A,retained
R2760,A,GG0126,A,retained
R2761,A,GG0126,A,retained
R2762,A,GG0126,A,retained
R2763,A,GG0126,A,retained
R2764,A,GG0126,A,retained
R2765,A,GG0126,A,retained
R2766,A,GG0126,A,retained
R2767,A,GG0126,A,retained
R2768,A,GG0126,A,retained
R2769,A,GG0126,A,retained
R2770,A,GG0126,A,retained
R2771,A,GG0126,A,retained
R2772,A,GG0126,A,retained
R2773,A,GG0126,A,retained
R2774,A,GG0126,A,retained
R2775,A,GG0126,A,retained
R2776,A,GG0126,A,retained
R2777,A,GG0126,A,retained
R2778,A,GG0126,A,retained
R2779,A,GG0126,A,retained
R2780,A,GG0126,A,retained
R2781,A,GG0126,A,retained
R2782,A,GG0126,A,retained
R2783,A,GG0017,A,retained
R2784,A,GG0017,A,retained
R2785,A,GG0017,A,retained
R2786,A,GG0017,A,retained
R2787,A,GG0017,A,retained
R2788,A,GG0017,A,retained
R2789,A,GG0017,A,retained
R2790,A,GG0017,A,retained
R2791,A,GG0017,A,retained
R2792,A,GG0017,A,retained
R2793,A,GG0017,A,retained
R2794,A,GG0017,A,retained
R2795,A,GG0017,A,retained
R2796,A,GG0017,A,retained
R2797,A,GG0017,A,retained
R2798,A,GG0017,A,retained
R2799,A,GG0017,A,retained
R2800,A,GG0017,A,retained
R2801,A,GG0017,A,retained
R2802,A,GG0017,A,retained
R2803,A,GG0017,A,retained
R2804,S,GG0006,S,retained
R2805,S,GG0006,S,retained
R2806,S,GG0006,S,retained
R2807,S,GG0006,S,retained
R2808,S,GG0006,S,retained
R2809,S,GG0006,S,retained
R2810,S,GG0006,S,retained
R2811,S,GG0006,S,retained
R2812,S,GG0006,S,retained
R2813,S,GG0006,S,retained
R2814,A,GG0027,A,excluded_group_protocol
R2815,A,GG0027,A,excluded_group_protocol
R2816,A,GG0027,A,excluded_group_protocol
R2817,A,GG0027,A,excluded_group_protocol
R2818,A,GG0027,A,excluded_group_protocol
R2819,A,GG0027,A,excluded_group_protocol
R2820,A,GG0027,A,excluded_group_protocol
R2821,A,GG0027,A,excluded_group_protocol
R2822,A,GG0027,A,excluded_group_protocol
R2823,A,GG0027,A,excluded_group_protocol
R2824,I,GG0027,I,excluded_group_protocol
R2825,I,GG0027,I,excluded_group_protocol
R2826,I,GG0027,I,excluded_group_protocol
R2827,I,GG0027,I,excluded_group_protocol
R2828,I,GG0027,I,excluded_group_protocol
R2829,I,GG0027,I,excluded_group_protocol
R2830,I,GG0027,I,excluded_group_protocol
R2831,I,GG0027,I,excluded_group_protocol
R2832,I,GG0027,I,excluded_group_protocol
R2833,I,GG0027,I,excluded_group_protocol
R2834,I,GG0127,I,excluded_group_protocol
R2835,I,GG0127,I,excluded_group_protocol
R2836,I,GG0127,I,excluded_group_protocol
R2837,I,GG0128,I,retained
R2838,I,GG0128,I,retained
R2839,I,GG0128,I,retained
R2840,I,GG0128,I,retained
R2841,I,GG0128,I,retained
R2842,S,GG0021,S,retained
R2843,S,GG0021,S,retained
R2844,S,GG0021,S,retained
R2845,S,GG0021,S,retained
R2846,S,GG0021,S,retained
R2847,S,GG0021,S,retained
R2848,S,GG0021,S,retained
R2849,S,GG0021,S,retained
R2850,S,GG0129,S,excluded_group_protocol
R2851,S,GG0129,S,excluded_group_protocol
R2852,S,GG0129,S,excluded_group_protocol
R2853,S,GG0129,S,excluded_group_protocol
R2854,S,GG0129,S,excluded_group_protocol
R2855,S,GG0129,S,excluded_group_protocol
R2856,S,GG0129,S,excluded_group_protocol
R2857,S,GG0129,S,excluded_group_protocol
R2858,I,GG0021,I,excluded_weak_mixed_group_minority
R2859,I,GG0021,I,excluded_weak_mixed_group_minority
R2860,I,GG0021,I,excluded_weak_mixed_group_minority
R2861,I,GG0021,I,excluded_weak_mixed_group_minority
R2862,I,GG0021,I,excluded_weak_mixed_group_minority
R2863,I,GG0021,I,excluded_weak_mixed_group_minority
R2864,I,GG0021,I,excluded_weak_mixed_group_minority
R2865,S,GG0010,S,retained
R2866,S,GG0010,S,retained
R2867,S,GG0010,S,retained
R2868,S,GG0010,S,retained
R2869,S,GG0021,S,retained
R2870,S,GG0021,S,retained
R2871,S,GG0021,S,retained
R2872,S,GG0021,S,retained
R2873,S,GG0044,S,excluded_group_protocol
R2874,S,GG0044,S,excluded_group_protocol
R2875,,GG0021,NAN,excluded_non_IAS_label
