scope,repeat_id,repeat_seed,effective_split_seed,split_seed_offset,outer_fold,probability_version,evaluation_unit,group_type_strata,source_blocks,n,macro_f1,balanced_accuracy,macro_ovr_auc,precision_I,recall_I,f1_I,support_I,precision_A,recall_A,f1_A,support_A,precision_S,recall_S,f1_S,support_S,analysis_protocol_hash
outer_fold,1,20260891,20260891.0,0.0,1,raw,geological_group_by_reported_type_stratum,9,8,9,0.3666666666666667,0.3666666666666667,0.6928571428571427,0.0,0.0,0.0,2,0.5,0.5,0.5,2,0.6,0.6,0.6,5,A2CFC6311C185EAA2F17BA13E733D522713F64F2850C50F6EEF6E4CE1F592221
outer_fold,1,20260891,20260891.0,0.0,1,calibrated,geological_group_by_reported_type_stratum,9,8,9,0.3666666666666667,0.3666666666666667,0.7404761904761905,0.0,0.0,0.0,2,0.5,0.5,0.5,2,0.6,0.6,0.6,5,A2CFC6311C185EAA2F17BA13E733D522713F64F2850C50F6EEF6E4CE1F592221
outer_fold,1,20260891,20260891.0,0.0,2,raw,geological_group_by_reported_type_stratum,15,15,15,0.34920634920634913,0.4090909090909091,0.7167832167832168,0.2,0.5,0.2857142857142857,2,0.0,0.0,0.0,2,0.8,0.7272727272727273,0.7619047619047619,11,A2CFC6311C185EAA2F17BA13E733D522713F64F2850C50F6EEF6E4CE1F592221
outer_fold,1,20260891,20260891.0,0.0,2,calibrated,geological_group_by_reported_type_stratum,15,15,15,0.34920634920634913,0.4090909090909091,0.6911421911421911,0.2,0.5,0.2857142857142857,2,0.0,0.0,0.0,2,0.8,0.7272727272727273,0.7619047619047619,11,A2CFC6311C185EAA2F17BA13E733D522713F64F2850C50F6EEF6E4CE1F592221
outer_fold,1,20260891,20260891.0,0.0,3,raw,geological_group_by_reported_type_stratum,16,15,16,0.47288359788359785,0.6190476190476191,0.7632275132275131,0.5,0.14285714285714285,0.2222222222222222,7,0.4,1.0,0.5714285714285714,2,0.5555555555555556,0.7142857142857143,0.625,7,A2CFC6311C185EAA2F17BA13E733D522713F64F2850C50F6EEF6E4CE1F592221
outer_fold,1,20260891,20260891.0,0.0,3,calibrated,geological_group_by_reported_type_stratum,16,15,16,0.47288359788359785,0.6190476190476191,0.7685185185185185,0.5,0.14285714285714285,0.2222222222222222,7,0.4,1.0,0.5714285714285714,2,0.5555555555555556,0.7142857142857143,0.625,7,A2CFC6311C185EAA2F17BA13E733D522713F64F2850C50F6EEF6E4CE1F592221
outer_fold,1,20260891,20260891.0,0.0,4,raw,geological_group_by_reported_type_stratum,14,14,14,0.546031746031746,0.5515873015873015,0.8446299732014017,0.6,0.75,0.6666666666666666,4,0.5,0.3333333333333333,0.4,3,0.5714285714285714,0.5714285714285714,0.5714285714285714,7,A2CFC6311C185EAA2F17BA13E733D522713F64F2850C50F6EEF6E4CE1F592221
outer_fold,1,20260891,20260891.0,0.0,4,calibrated,geological_group_by_reported_type_stratum,14,14,14,0.546031746031746,0.5515873015873015,0.8562615955473097,0.6,0.75,0.6666666666666666,4,0.5,0.3333333333333333,0.4,3,0.5714285714285714,0.5714285714285714,0.5714285714285714,7,A2CFC6311C185EAA2F17BA13E733D522713F64F2850C50F6EEF6E4CE1F592221
outer_fold,2,20260892,20260892.0,0.0,1,raw,geological_group_by_reported_type_stratum,7,7,7,0.6944444444444443,0.75,0.9722222222222223,0.5,1.0,0.6666666666666666,1,1.0,0.5,0.6666666666666666,2,0.75,0.75,0.75,4,A2CFC6311C185EAA2F17BA13E733D522713F64F2850C50F6EEF6E4CE1F592221
outer_fold,2,20260892,20260892.0,0.0,1,calibrated,geological_group_by_reported_type_stratum,7,7,7,0.6944444444444443,0.75,0.9722222222222223,0.5,1.0,0.6666666666666666,1,1.0,0.5,0.6666666666666666,2,0.75,0.75,0.75,4,A2CFC6311C185EAA2F17BA13E733D522713F64F2850C50F6EEF6E4CE1F592221
outer_fold,2,20260892,20260892.0,0.0,2,raw,geological_group_by_reported_type_stratum,16,15,16,0.48333333333333334,0.5476190476190476,0.8015873015873015,1.0,0.14285714285714285,0.25,7,0.5,0.5,0.5,2,0.5384615384615384,1.0,0.7,7,A2CFC6311C185EAA2F17BA13E733D522713F64F2850C50F6EEF6E4CE1F592221
outer_fold,2,20260892,20260892.0,0.0,2,calibrated,geological_group_by_reported_type_stratum,16,15,16,0.48333333333333334,0.5476190476190476,0.7698412698412699,1.0,0.14285714285714285,0.25,7,0.5,0.5,0.5,2,0.5384615384615384,1.0,0.7,7,A2CFC6311C185EAA2F17BA13E733D522713F64F2850C50F6EEF6E4CE1F592221
outer_fold,2,20260892,20260892.0,0.0,3,raw,geological_group_by_reported_type_stratum,16,16,16,0.560428849902534,0.5666666666666667,0.8595238095238096,0.4,0.5,0.4444444444444444,4,0.5,0.5,0.5,2,0.7777777777777778,0.7,0.7368421052631579,10,A2CFC6311C185EAA2F17BA13E733D522713F64F2850C50F6EEF6E4CE1F592221
outer_fold,2,20260892,20260892.0,0.0,3,calibrated,geological_group_by_reported_type_stratum,16,16,16,0.560428849902534,0.5666666666666667,0.8623015873015873,0.4,0.5,0.4444444444444444,4,0.5,0.5,0.5,2,0.7777777777777778,0.7,0.7368421052631579,10,A2CFC6311C185EAA2F17BA13E733D522713F64F2850C50F6EEF6E4CE1F592221
outer_fold,2,20260892,20260892.0,0.0,4,raw,geological_group_by_reported_type_stratum,15,14,15,0.4878306878306879,0.48148148148148145,0.7716049382716049,0.25,0.3333333333333333,0.2857142857142857,3,0.5,0.3333333333333333,0.4,3,0.7777777777777778,0.7777777777777778,0.7777777777777778,9,A2CFC6311C185EAA2F17BA13E733D522713F64F2850C50F6EEF6E4CE1F592221
outer_fold,2,20260892,20260892.0,0.0,4,calibrated,geological_group_by_reported_type_stratum,15,14,15,0.4878306878306879,0.48148148148148145,0.7592592592592592,0.25,0.3333333333333333,0.2857142857142857,3,0.5,0.3333333333333333,0.4,3,0.7777777777777778,0.7777777777777778,0.7777777777777778,9,A2CFC6311C185EAA2F17BA13E733D522713F64F2850C50F6EEF6E4CE1F592221
outer_fold,3,20260893,20260894.0,1.0,1,raw,geological_group_by_reported_type_stratum,7,7,7,0.30303030303030304,0.4166666666666667,0.75,0.0,0.0,0.0,0,0.0,0.0,0.0,1,1.0,0.8333333333333334,0.9090909090909091,6,A2CFC6311C185EAA2F17BA13E733D522713F64F2850C50F6EEF6E4CE1F592221
outer_fold,3,20260893,20260894.0,1.0,1,calibrated,geological_group_by_reported_type_stratum,7,7,7,0.26666666666666666,0.3333333333333333,0.6666666666666667,0.0,0.0,0.0,0,0.0,0.0,0.0,1,1.0,0.6666666666666666,0.8,6,A2CFC6311C185EAA2F17BA13E733D522713F64F2850C50F6EEF6E4CE1F592221
outer_fold,3,20260893,20260894.0,1.0,2,raw,geological_group_by_reported_type_stratum,15,14,15,0.546031746031746,0.6507936507936507,0.7025335775335776,0.5,0.6666666666666666,0.5714285714285714,6,0.5,1.0,0.6666666666666666,2,0.6666666666666666,0.2857142857142857,0.4,7,A2CFC6311C185EAA2F17BA13E733D522713F64F2850C50F6EEF6E4CE1F592221
outer_fold,3,20260893,20260894.0,1.0,2,calibrated,geological_group_by_reported_type_stratum,15,14,15,0.5783549783549784,0.6507936507936507,0.7206111789445124,0.5,0.6666666666666666,0.5714285714285714,6,0.6666666666666666,1.0,0.8,2,0.5,0.2857142857142857,0.36363636363636365,7,A2CFC6311C185EAA2F17BA13E733D522713F64F2850C50F6EEF6E4CE1F592221
outer_fold,3,20260893,20260894.0,1.0,3,raw,geological_group_by_reported_type_stratum,17,16,17,0.4646464646464647,0.48888888888888893,0.7879120879120879,0.0,0.0,0.0,4,0.6666666666666666,0.6666666666666666,0.6666666666666666,3,0.6666666666666666,0.8,0.7272727272727273,10,A2CFC6311C185EAA2F17BA13E733D522713F64F2850C50F6EEF6E4CE1F592221
outer_fold,3,20260893,20260894.0,1.0,3,calibrated,geological_group_by_reported_type_stratum,17,16,17,0.4646464646464647,0.48888888888888893,0.7879120879120879,0.0,0.0,0.0,4,0.6666666666666666,0.6666666666666666,0.6666666666666666,3,0.6666666666666666,0.8,0.7272727272727273,10,A2CFC6311C185EAA2F17BA13E733D522713F64F2850C50F6EEF6E4CE1F592221
outer_fold,3,20260893,20260894.0,1.0,4,raw,geological_group_by_reported_type_stratum,15,15,15,0.6309523809523809,0.6412698412698412,0.83494708994709,1.0,0.4,0.5714285714285714,5,0.5,0.6666666666666666,0.5714285714285714,3,0.6666666666666666,0.8571428571428571,0.75,7,A2CFC6311C185EAA2F17BA13E733D522713F64F2850C50F6EEF6E4CE1F592221
outer_fold,3,20260893,20260894.0,1.0,4,calibrated,geological_group_by_reported_type_stratum,15,15,15,0.6309523809523809,0.6412698412698412,0.8216137566137567,1.0,0.4,0.5714285714285714,5,0.5,0.6666666666666666,0.5714285714285714,3,0.6666666666666666,0.8571428571428571,0.75,7,A2CFC6311C185EAA2F17BA13E733D522713F64F2850C50F6EEF6E4CE1F592221
outer_fold,4,20260894,20260895.0,1.0,1,raw,geological_group_by_reported_type_stratum,7,7,7,0.48888888888888893,0.65,0.95,0.0,0.0,0.0,0,1.0,0.5,0.6666666666666666,2,0.8,0.8,0.8,5,A2CFC6311C185EAA2F17BA13E733D522713F64F2850C50F6EEF6E4CE1F592221
outer_fold,4,20260894,20260895.0,1.0,1,calibrated,geological_group_by_reported_type_stratum,7,7,7,0.48888888888888893,0.65,0.95,0.0,0.0,0.0,0,1.0,0.5,0.6666666666666666,2,0.8,0.8,0.8,5,A2CFC6311C185EAA2F17BA13E733D522713F64F2850C50F6EEF6E4CE1F592221
outer_fold,4,20260894,20260895.0,1.0,2,raw,geological_group_by_reported_type_stratum,16,15,16,0.5194444444444445,0.5666666666666667,0.7702020202020202,0.75,0.5,0.6,6,1.0,0.2,0.3333333333333333,5,0.45454545454545453,1.0,0.625,5,A2CFC6311C185EAA2F17BA13E733D522713F64F2850C50F6EEF6E4CE1F592221
outer_fold,4,20260894,20260895.0,1.0,2,calibrated,geological_group_by_reported_type_stratum,16,15,16,0.5194444444444445,0.5666666666666667,0.7484848484848484,0.75,0.5,0.6,6,1.0,0.2,0.3333333333333333,5,0.45454545454545453,1.0,0.625,5,A2CFC6311C185EAA2F17BA13E733D522713F64F2850C50F6EEF6E4CE1F592221
outer_fold,4,20260894,20260895.0,1.0,3,raw,geological_group_by_reported_type_stratum,15,15,15,0.5539682539682539,0.6833333333333332,0.6684848484848485,1.0,0.25,0.4,4,0.3333333333333333,1.0,0.5,1,0.7272727272727273,0.8,0.7619047619047619,10,A2CFC6311C185EAA2F17BA13E733D522713F64F2850C50F6EEF6E4CE1F592221
outer_fold,4,20260894,20260895.0,1.0,3,calibrated,geological_group_by_reported_type_stratum,15,15,15,0.5539682539682539,0.6833333333333332,0.6836363636363636,1.0,0.25,0.4,4,0.3333333333333333,1.0,0.5,1,0.7272727272727273,0.8,0.7619047619047619,10,A2CFC6311C185EAA2F17BA13E733D522713F64F2850C50F6EEF6E4CE1F592221
outer_fold,4,20260894,20260895.0,1.0,4,raw,geological_group_by_reported_type_stratum,16,15,16,0.34074074074074073,0.3333333333333333,0.687878787878788,0.25,0.2,0.2222222222222222,5,0.0,0.0,0.0,1,0.8,0.8,0.8,10,A2CFC6311C185EAA2F17BA13E733D522713F64F2850C50F6EEF6E4CE1F592221
outer_fold,4,20260894,20260895.0,1.0,4,calibrated,geological_group_by_reported_type_stratum,16,15,16,0.34074074074074073,0.3333333333333333,0.6722222222222222,0.25,0.2,0.2222222222222222,5,0.0,0.0,0.0,1,0.8,0.8,0.8,10,A2CFC6311C185EAA2F17BA13E733D522713F64F2850C50F6EEF6E4CE1F592221
outer_fold,5,20260895,20260896.0,1.0,1,raw,geological_group_by_reported_type_stratum,9,8,9,0.2814814814814815,0.4666666666666666,0.674074074074074,0.0,0.0,0.0,3,0.25,1.0,0.4,1,0.5,0.4,0.4444444444444444,5,A2CFC6311C185EAA2F17BA13E733D522713F64F2850C50F6EEF6E4CE1F592221
outer_fold,5,20260895,20260896.0,1.0,1,calibrated,geological_group_by_reported_type_stratum,9,8,9,0.2814814814814815,0.4666666666666666,0.6759259259259259,0.0,0.0,0.0,3,0.25,1.0,0.4,1,0.5,0.4,0.4444444444444444,5,A2CFC6311C185EAA2F17BA13E733D522713F64F2850C50F6EEF6E4CE1F592221
outer_fold,5,20260895,20260896.0,1.0,2,raw,geological_group_by_reported_type_stratum,16,15,16,0.7350427350427351,0.7380952380952381,0.9166726791726791,0.625,1.0,0.7692307692307693,5,1.0,0.5,0.6666666666666666,4,0.8333333333333334,0.7142857142857143,0.7692307692307693,7,A2CFC6311C185EAA2F17BA13E733D522713F64F2850C50F6EEF6E4CE1F592221
outer_fold,5,20260895,20260896.0,1.0,2,calibrated,geological_group_by_reported_type_stratum,16,15,16,0.6278388278388278,0.6547619047619048,0.926485088985089,0.5555555555555556,1.0,0.7142857142857143,5,1.0,0.25,0.4,4,0.8333333333333334,0.7142857142857143,0.7692307692307693,7,A2CFC6311C185EAA2F17BA13E733D522713F64F2850C50F6EEF6E4CE1F592221
outer_fold,5,20260895,20260896.0,1.0,3,raw,geological_group_by_reported_type_stratum,15,15,15,0.36507936507936506,0.37777777777777777,0.8136182336182337,0.3333333333333333,0.3333333333333333,0.3333333333333333,3,0.0,0.0,0.0,2,0.7272727272727273,0.8,0.7619047619047619,10,A2CFC6311C185EAA2F17BA13E733D522713F64F2850C50F6EEF6E4CE1F592221
outer_fold,5,20260895,20260896.0,1.0,3,calibrated,geological_group_by_reported_type_stratum,15,15,15,0.36507936507936506,0.37777777777777777,0.8043589743589745,0.3333333333333333,0.3333333333333333,0.3333333333333333,3,0.0,0.0,0.0,2,0.7272727272727273,0.8,0.7619047619047619,10,A2CFC6311C185EAA2F17BA13E733D522713F64F2850C50F6EEF6E4CE1F592221
outer_fold,5,20260895,20260896.0,1.0,4,raw,geological_group_by_reported_type_stratum,14,14,14,0.5416666666666666,0.5416666666666666,0.7138888888888889,0.5,0.5,0.5,4,0.5,0.5,0.5,2,0.625,0.625,0.625,8,A2CFC6311C185EAA2F17BA13E733D522713F64F2850C50F6EEF6E4CE1F592221
outer_fold,5,20260895,20260896.0,1.0,4,calibrated,geological_group_by_reported_type_stratum,14,14,14,0.5416666666666666,0.5416666666666666,0.7138888888888889,0.5,0.5,0.5,4,0.5,0.5,0.5,2,0.625,0.625,0.625,8,A2CFC6311C185EAA2F17BA13E733D522713F64F2850C50F6EEF6E4CE1F592221
pooled_repeat,1,20260891,,,0,raw,geological_group_by_reported_type_stratum,54,52,54,0.48166991185645786,0.4814814814814814,0.7127413738524849,0.35714285714285715,0.3333333333333333,0.3448275862068966,15,0.4444444444444444,0.4444444444444444,0.4444444444444444,9,0.6451612903225806,0.6666666666666666,0.6557377049180327,30,A2CFC6311C185EAA2F17BA13E733D522713F64F2850C50F6EEF6E4CE1F592221
pooled_repeat,1,20260891,,,0,calibrated,geological_group_by_reported_type_stratum,54,52,54,0.48166991185645786,0.4814814814814814,0.7112179487179487,0.35714285714285715,0.3333333333333333,0.3448275862068966,15,0.4444444444444444,0.4444444444444444,0.4444444444444444,9,0.6451612903225806,0.6666666666666666,0.6557377049180327,30,A2CFC6311C185EAA2F17BA13E733D522713F64F2850C50F6EEF6E4CE1F592221
pooled_repeat,2,20260892,,,0,raw,geological_group_by_reported_type_stratum,54,52,54,0.5362773029439696,0.5259259259259259,0.800031655587211,0.4166666666666667,0.3333333333333333,0.37037037037037035,15,0.5714285714285714,0.4444444444444444,0.5,9,0.6857142857142857,0.8,0.7384615384615385,30,A2CFC6311C185EAA2F17BA13E733D522713F64F2850C50F6EEF6E4CE1F592221
pooled_repeat,2,20260892,,,0,calibrated,geological_group_by_reported_type_stratum,54,52,54,0.5362773029439696,0.5259259259259259,0.8007280785058563,0.4166666666666667,0.3333333333333333,0.37037037037037035,15,0.5714285714285714,0.4444444444444444,0.5,9,0.6857142857142857,0.8,0.7384615384615385,30,A2CFC6311C185EAA2F17BA13E733D522713F64F2850C50F6EEF6E4CE1F592221
pooled_repeat,3,20260893,,,0,raw,geological_group_by_reported_type_stratum,54,52,54,0.5752191700759789,0.5888888888888889,0.752860873694207,0.42857142857142855,0.4,0.41379310344827586,15,0.5454545454545454,0.6666666666666666,0.6,9,0.7241379310344828,0.7,0.711864406779661,30,A2CFC6311C185EAA2F17BA13E733D522713F64F2850C50F6EEF6E4CE1F592221
pooled_repeat,3,20260893,,,0,calibrated,geological_group_by_reported_type_stratum,54,52,54,0.5698483496877788,0.5777777777777778,0.737460430515986,0.4,0.4,0.4,15,0.6,0.6666666666666666,0.631578947368421,9,0.6896551724137931,0.6666666666666666,0.6779661016949152,30,A2CFC6311C185EAA2F17BA13E733D522713F64F2850C50F6EEF6E4CE1F592221
pooled_repeat,4,20260894,,,0,raw,geological_group_by_reported_type_stratum,54,52,54,0.507089552238806,0.5,0.6424778410889522,0.5,0.3333333333333333,0.4,15,0.42857142857142855,0.3333333333333333,0.375,9,0.6756756756756757,0.8333333333333334,0.746268656716418,30,A2CFC6311C185EAA2F17BA13E733D522713F64F2850C50F6EEF6E4CE1F592221
pooled_repeat,4,20260894,,,0,calibrated,geological_group_by_reported_type_stratum,54,52,54,0.507089552238806,0.5,0.645014245014245,0.5,0.3333333333333333,0.4,15,0.42857142857142855,0.3333333333333333,0.375,9,0.6756756756756757,0.8333333333333334,0.746268656716418,30,A2CFC6311C185EAA2F17BA13E733D522713F64F2850C50F6EEF6E4CE1F592221
pooled_repeat,5,20260895,,,0,raw,geological_group_by_reported_type_stratum,54,52,54,0.546179859465808,0.5481481481481482,0.768170307059196,0.5,0.5333333333333333,0.5161290322580645,15,0.4444444444444444,0.4444444444444444,0.4444444444444444,9,0.6896551724137931,0.6666666666666666,0.6779661016949152,30,A2CFC6311C185EAA2F17BA13E733D522713F64F2850C50F6EEF6E4CE1F592221
pooled_repeat,5,20260895,,,0,calibrated,geological_group_by_reported_type_stratum,54,52,54,0.5103024260551678,0.5111111111111111,0.753767014878126,0.47058823529411764,0.5333333333333333,0.5,15,0.375,0.3333333333333333,0.35294117647058826,9,0.6896551724137931,0.6666666666666666,0.6779661016949152,30,A2CFC6311C185EAA2F17BA13E733D522713F64F2850C50F6EEF6E4CE1F592221
