explained_class,feature,mean_abs_shap,correlation_cluster,cluster_mean_abs_shap,maximum_absolute_spearman_with_other_feature,features_at_or_above_threshold,bridge_role,cluster_method,absolute_spearman_threshold,analysis_protocol_hash
A,(La/Yb)N,0.07068853825330734,28,0.07068853825330734,0.6736782731813011,,non_bridge,average-linkage on 1-|Spearman rho|,0.85,A2CFC6311C185EAA2F17BA13E733D522713F64F2850C50F6EEF6E4CE1F592221
A,A/CNK,0.08510368317365646,5,0.08510368317365646,0.5026317346868255,,non_bridge,average-linkage on 1-|Spearman rho|,0.85,A2CFC6311C185EAA2F17BA13E733D522713F64F2850C50F6EEF6E4CE1F592221
A,A/NK,0.1315462440252304,1,0.1315462440252304,0.5824840045745857,,non_bridge,average-linkage on 1-|Spearman rho|,0.85,A2CFC6311C185EAA2F17BA13E733D522713F64F2850C50F6EEF6E4CE1F592221
A,Al2O3,0.07358580082654953,16,0.07358580082654953,0.7059987655215405,,non_bridge,average-linkage on 1-|Spearman rho|,0.85,A2CFC6311C185EAA2F17BA13E733D522713F64F2850C50F6EEF6E4CE1F592221
A,Ba,0.02958909422159195,23,0.02958909422159195,0.8140660040402529,,primary,average-linkage on 1-|Spearman rho|,0.85,A2CFC6311C185EAA2F17BA13E733D522713F64F2850C50F6EEF6E4CE1F592221
A,CaO,0.07090630382299423,29,0.07090630382299423,0.638796423900073,,primary,average-linkage on 1-|Spearman rho|,0.85,A2CFC6311C185EAA2F17BA13E733D522713F64F2850C50F6EEF6E4CE1F592221
A,Ce,0.16920620203018188,6,0.39153581857681274,0.9250681933557932,La;Pr;Nd,non_bridge,average-linkage on 1-|Spearman rho|,0.85,A2CFC6311C185EAA2F17BA13E733D522713F64F2850C50F6EEF6E4CE1F592221
A,Cr,0.17926359176635742,11,0.17926359176635742,0.7366488337921567,,non_bridge,average-linkage on 1-|Spearman rho|,0.85,A2CFC6311C185EAA2F17BA13E733D522713F64F2850C50F6EEF6E4CE1F592221
A,Dy,0.03328368067741394,9,0.4828437361866236,0.9863770606646437,Ho;Tb;Er;Tm;Lu;Y;Gd;Yb,non_bridge,average-linkage on 1-|Spearman rho|,0.85,A2CFC6311C185EAA2F17BA13E733D522713F64F2850C50F6EEF6E4CE1F592221
A,Er,0.02690429985523224,9,0.4828437361866236,0.9860259206945019,Ho;Tm;Lu;Dy;Y;Yb;Tb;Gd,non_bridge,average-linkage on 1-|Spearman rho|,0.85,A2CFC6311C185EAA2F17BA13E733D522713F64F2850C50F6EEF6E4CE1F592221
A,Eu,0.03157332167029381,20,0.03157332167029381,0.8233023202626615,,non_bridge,average-linkage on 1-|Spearman rho|,0.85,A2CFC6311C185EAA2F17BA13E733D522713F64F2850C50F6EEF6E4CE1F592221
A,Eu/Eu*,0.08207781612873077,21,0.08207781612873077,0.8171571029108518,,non_bridge,average-linkage on 1-|Spearman rho|,0.85,A2CFC6311C185EAA2F17BA13E733D522713F64F2850C50F6EEF6E4CE1F592221
A,Fe*,0.13093321025371552,18,0.13093321025371552,0.7984614228227092,,non_bridge,average-linkage on 1-|Spearman rho|,0.85,A2CFC6311C185EAA2F17BA13E733D522713F64F2850C50F6EEF6E4CE1F592221
A,Fe2O3,0.12645645439624786,30,0.12645645439624786,0.4840829044953604,,non_bridge,average-linkage on 1-|Spearman rho|,0.85,A2CFC6311C185EAA2F17BA13E733D522713F64F2850C50F6EEF6E4CE1F592221
A,FeO,0.14332608878612518,15,0.14332608878612518,0.6251985295115746,,non_bridge,average-linkage on 1-|Spearman rho|,0.85,A2CFC6311C185EAA2F17BA13E733D522713F64F2850C50F6EEF6E4CE1F592221
A,Ga,0.05898091569542885,31,0.05898091569542885,0.43057977895797994,,non_bridge,average-linkage on 1-|Spearman rho|,0.85,A2CFC6311C185EAA2F17BA13E733D522713F64F2850C50F6EEF6E4CE1F592221
A,Gd,0.04483930021524429,9,0.4828437361866236,0.9500041562724512,Tb;Dy;Sm;Ho;Er,non_bridge,average-linkage on 1-|Spearman rho|,0.85,A2CFC6311C185EAA2F17BA13E733D522713F64F2850C50F6EEF6E4CE1F592221
A,Hf,0.3353138864040375,8,0.3353138864040375,0.6588048303994991,,non_bridge,average-linkage on 1-|Spearman rho|,0.85,A2CFC6311C185EAA2F17BA13E733D522713F64F2850C50F6EEF6E4CE1F592221
A,Ho,0.027177684009075165,9,0.4828437361866236,0.9863770606646437,Dy;Er;Tm;Lu;Tb;Y;Yb;Gd,non_bridge,average-linkage on 1-|Spearman rho|,0.85,A2CFC6311C185EAA2F17BA13E733D522713F64F2850C50F6EEF6E4CE1F592221
A,K2O,0.06471123546361923,2,0.06471123546361923,0.5746798442773232,,legacy_sensitivity_only,average-linkage on 1-|Spearman rho|,0.85,A2CFC6311C185EAA2F17BA13E733D522713F64F2850C50F6EEF6E4CE1F592221
A,K2O/Na2O,0.01978278160095215,3,0.01978278160095215,0.8280097970283596,,non_bridge,average-linkage on 1-|Spearman rho|,0.85,A2CFC6311C185EAA2F17BA13E733D522713F64F2850C50F6EEF6E4CE1F592221
A,La,0.135595440864563,6,0.39153581857681274,0.9384349416344018,Pr;Ce;Nd,non_bridge,average-linkage on 1-|Spearman rho|,0.85,A2CFC6311C185EAA2F17BA13E733D522713F64F2850C50F6EEF6E4CE1F592221
A,Lu,0.2399032562971115,9,0.4828437361866236,0.9861993355385538,Tm;Er;Ho;Yb;Dy;Y;Tb,non_bridge,average-linkage on 1-|Spearman rho|,0.85,A2CFC6311C185EAA2F17BA13E733D522713F64F2850C50F6EEF6E4CE1F592221
A,MgO,0.08191999047994614,19,0.08191999047994614,0.7984614228227092,,legacy_sensitivity_only,average-linkage on 1-|Spearman rho|,0.85,A2CFC6311C185EAA2F17BA13E733D522713F64F2850C50F6EEF6E4CE1F592221
A,MnO,0.07196483016014099,32,0.07196483016014099,0.3540428203067793,,non_bridge,average-linkage on 1-|Spearman rho|,0.85,A2CFC6311C185EAA2F17BA13E733D522713F64F2850C50F6EEF6E4CE1F592221
A,Na2O,0.04989059641957283,4,0.04989059641957283,0.8280097970283596,,legacy_sensitivity_only,average-linkage on 1-|Spearman rho|,0.85,A2CFC6311C185EAA2F17BA13E733D522713F64F2850C50F6EEF6E4CE1F592221
A,Nb,0.16604739427566528,27,0.16604739427566528,0.786221968935208,,primary,average-linkage on 1-|Spearman rho|,0.85,A2CFC6311C185EAA2F17BA13E733D522713F64F2850C50F6EEF6E4CE1F592221
A,Nd,0.0327116996049881,7,0.1736306995153427,0.903593670631681,Pr;Ce;Sm;La,non_bridge,average-linkage on 1-|Spearman rho|,0.85,A2CFC6311C185EAA2F17BA13E733D522713F64F2850C50F6EEF6E4CE1F592221
A,Ni,0.05403980240225792,12,0.05403980240225792,0.7366488337921567,,non_bridge,average-linkage on 1-|Spearman rho|,0.85,A2CFC6311C185EAA2F17BA13E733D522713F64F2850C50F6EEF6E4CE1F592221
A,P2O5,0.08337261527776718,10,0.08337261527776718,0.6026409983760921,,primary,average-linkage on 1-|Spearman rho|,0.85,A2CFC6311C185EAA2F17BA13E733D522713F64F2850C50F6EEF6E4CE1F592221
A,Pr,0.08673417568206787,6,0.39153581857681274,0.9384349416344018,La;Nd;Ce,non_bridge,average-linkage on 1-|Spearman rho|,0.85,A2CFC6311C185EAA2F17BA13E733D522713F64F2850C50F6EEF6E4CE1F592221
A,Rb,0.0736711397767067,25,0.0736711397767067,0.7918800761794244,,primary,average-linkage on 1-|Spearman rho|,0.85,A2CFC6311C185EAA2F17BA13E733D522713F64F2850C50F6EEF6E4CE1F592221
A,Rb/Sr,0.03053082898259163,22,0.08417898789048195,0.9307884950782509,Sr,non_bridge,average-linkage on 1-|Spearman rho|,0.85,A2CFC6311C185EAA2F17BA13E733D522713F64F2850C50F6EEF6E4CE1F592221
A,SiO2,0.022799748927354813,17,0.022799748927354813,0.7730633783135125,,non_bridge,average-linkage on 1-|Spearman rho|,0.85,A2CFC6311C185EAA2F17BA13E733D522713F64F2850C50F6EEF6E4CE1F592221
A,Sm,0.14091899991035461,7,0.1736306995153427,0.8959365215671723,Nd;Gd,non_bridge,average-linkage on 1-|Spearman rho|,0.85,A2CFC6311C185EAA2F17BA13E733D522713F64F2850C50F6EEF6E4CE1F592221
A,Sr,0.05364815890789032,22,0.08417898789048195,0.9307884950782509,Rb/Sr,non_bridge,average-linkage on 1-|Spearman rho|,0.85,A2CFC6311C185EAA2F17BA13E733D522713F64F2850C50F6EEF6E4CE1F592221
A,Ta,0.19751392304897308,26,0.19751392304897308,0.7918800761794244,,non_bridge,average-linkage on 1-|Spearman rho|,0.85,A2CFC6311C185EAA2F17BA13E733D522713F64F2850C50F6EEF6E4CE1F592221
A,Tb,0.02344539761543274,9,0.4828437361866236,0.9745347665745204,Dy;Ho;Gd;Er;Tm;Y;Lu,non_bridge,average-linkage on 1-|Spearman rho|,0.85,A2CFC6311C185EAA2F17BA13E733D522713F64F2850C50F6EEF6E4CE1F592221
A,TiO2,0.05937192961573601,24,0.05937192961573601,0.8043095519014742,,non_bridge,average-linkage on 1-|Spearman rho|,0.85,A2CFC6311C185EAA2F17BA13E733D522713F64F2850C50F6EEF6E4CE1F592221
A,Tm,0.016096753999590874,9,0.4828437361866236,0.9861993355385538,Lu;Er;Ho;Dy;Yb;Y;Tb,non_bridge,average-linkage on 1-|Spearman rho|,0.85,A2CFC6311C185EAA2F17BA13E733D522713F64F2850C50F6EEF6E4CE1F592221
A,Y,0.03180475905537605,9,0.4828437361866236,0.9450304856775112,Er;Ho;Dy;Tm;Yb;Lu;Tb,non_bridge,average-linkage on 1-|Spearman rho|,0.85,A2CFC6311C185EAA2F17BA13E733D522713F64F2850C50F6EEF6E4CE1F592221
A,Yb,0.03938860446214676,9,0.4828437361866236,0.9454431188026502,Lu;Tm;Er;Y;Ho;Dy,non_bridge,average-linkage on 1-|Spearman rho|,0.85,A2CFC6311C185EAA2F17BA13E733D522713F64F2850C50F6EEF6E4CE1F592221
A,Zr,0.08212581276893616,13,0.08212581276893616,0.7061456110940506,,primary,average-linkage on 1-|Spearman rho|,0.85,A2CFC6311C185EAA2F17BA13E733D522713F64F2850C50F6EEF6E4CE1F592221
A,Zr/Hf,0.0258464552462101,14,0.0258464552462101,0.7261917532324901,,non_bridge,average-linkage on 1-|Spearman rho|,0.85,A2CFC6311C185EAA2F17BA13E733D522713F64F2850C50F6EEF6E4CE1F592221
I,(La/Yb)N,0.10541503131389618,28,0.10541503131389618,0.6736782731813011,,non_bridge,average-linkage on 1-|Spearman rho|,0.85,A2CFC6311C185EAA2F17BA13E733D522713F64F2850C50F6EEF6E4CE1F592221
I,A/CNK,0.045627713203430176,5,0.045627713203430176,0.5026317346868255,,non_bridge,average-linkage on 1-|Spearman rho|,0.85,A2CFC6311C185EAA2F17BA13E733D522713F64F2850C50F6EEF6E4CE1F592221
I,A/NK,0.08670464158058167,1,0.08670464158058167,0.5824840045745857,,non_bridge,average-linkage on 1-|Spearman rho|,0.85,A2CFC6311C185EAA2F17BA13E733D522713F64F2850C50F6EEF6E4CE1F592221
I,Al2O3,0.025996485725045204,16,0.025996485725045204,0.7059987655215405,,non_bridge,average-linkage on 1-|Spearman rho|,0.85,A2CFC6311C185EAA2F17BA13E733D522713F64F2850C50F6EEF6E4CE1F592221
I,Ba,0.1914624571800232,23,0.1914624571800232,0.8140660040402529,,primary,average-linkage on 1-|Spearman rho|,0.85,A2CFC6311C185EAA2F17BA13E733D522713F64F2850C50F6EEF6E4CE1F592221
I,CaO,0.09425155818462372,29,0.09425155818462372,0.638796423900073,,primary,average-linkage on 1-|Spearman rho|,0.85,A2CFC6311C185EAA2F17BA13E733D522713F64F2850C50F6EEF6E4CE1F592221
I,Ce,0.02760336548089981,6,0.11759800463914871,0.9250681933557932,La;Pr;Nd,non_bridge,average-linkage on 1-|Spearman rho|,0.85,A2CFC6311C185EAA2F17BA13E733D522713F64F2850C50F6EEF6E4CE1F592221
I,Cr,0.14558835327625275,11,0.14558835327625275,0.7366488337921567,,non_bridge,average-linkage on 1-|Spearman rho|,0.85,A2CFC6311C185EAA2F17BA13E733D522713F64F2850C50F6EEF6E4CE1F592221
I,Dy,0.017516406252980232,9,0.33028863929212093,0.9863770606646437,Ho;Tb;Er;Tm;Lu;Y;Gd;Yb,non_bridge,average-linkage on 1-|Spearman rho|,0.85,A2CFC6311C185EAA2F17BA13E733D522713F64F2850C50F6EEF6E4CE1F592221
I,Er,0.03316029533743858,9,0.33028863929212093,0.9860259206945019,Ho;Tm;Lu;Dy;Y;Yb;Tb;Gd,non_bridge,average-linkage on 1-|Spearman rho|,0.85,A2CFC6311C185EAA2F17BA13E733D522713F64F2850C50F6EEF6E4CE1F592221
I,Eu,0.024225495755672455,20,0.024225495755672455,0.8233023202626615,,non_bridge,average-linkage on 1-|Spearman rho|,0.85,A2CFC6311C185EAA2F17BA13E733D522713F64F2850C50F6EEF6E4CE1F592221
I,Eu/Eu*,0.15120117366313934,21,0.15120117366313934,0.8171571029108518,,non_bridge,average-linkage on 1-|Spearman rho|,0.85,A2CFC6311C185EAA2F17BA13E733D522713F64F2850C50F6EEF6E4CE1F592221
I,Fe*,0.04792037233710289,18,0.04792037233710289,0.7984614228227092,,non_bridge,average-linkage on 1-|Spearman rho|,0.85,A2CFC6311C185EAA2F17BA13E733D522713F64F2850C50F6EEF6E4CE1F592221
I,Fe2O3,0.06942176818847656,30,0.06942176818847656,0.4840829044953604,,non_bridge,average-linkage on 1-|Spearman rho|,0.85,A2CFC6311C185EAA2F17BA13E733D522713F64F2850C50F6EEF6E4CE1F592221
I,FeO,0.15619520843029022,15,0.15619520843029022,0.6251985295115746,,non_bridge,average-linkage on 1-|Spearman rho|,0.85,A2CFC6311C185EAA2F17BA13E733D522713F64F2850C50F6EEF6E4CE1F592221
I,Ga,0.08635148406028748,31,0.08635148406028748,0.43057977895797994,,non_bridge,average-linkage on 1-|Spearman rho|,0.85,A2CFC6311C185EAA2F17BA13E733D522713F64F2850C50F6EEF6E4CE1F592221
I,Gd,0.02065703086555004,9,0.33028863929212093,0.9500041562724512,Tb;Dy;Sm;Ho;Er,non_bridge,average-linkage on 1-|Spearman rho|,0.85,A2CFC6311C185EAA2F17BA13E733D522713F64F2850C50F6EEF6E4CE1F592221
I,Hf,0.037784475833177567,8,0.037784475833177567,0.6588048303994991,,non_bridge,average-linkage on 1-|Spearman rho|,0.85,A2CFC6311C185EAA2F17BA13E733D522713F64F2850C50F6EEF6E4CE1F592221
I,Ho,0.029310109093785286,9,0.33028863929212093,0.9863770606646437,Dy;Er;Tm;Lu;Tb;Y;Yb;Gd,non_bridge,average-linkage on 1-|Spearman rho|,0.85,A2CFC6311C185EAA2F17BA13E733D522713F64F2850C50F6EEF6E4CE1F592221
I,K2O,0.0264643132686615,2,0.0264643132686615,0.5746798442773232,,legacy_sensitivity_only,average-linkage on 1-|Spearman rho|,0.85,A2CFC6311C185EAA2F17BA13E733D522713F64F2850C50F6EEF6E4CE1F592221
I,K2O/Na2O,0.03792247176170349,3,0.03792247176170349,0.8280097970283596,,non_bridge,average-linkage on 1-|Spearman rho|,0.85,A2CFC6311C185EAA2F17BA13E733D522713F64F2850C50F6EEF6E4CE1F592221
I,La,0.021191075444221497,6,0.11759800463914871,0.9384349416344018,Pr;Ce;Nd,non_bridge,average-linkage on 1-|Spearman rho|,0.85,A2CFC6311C185EAA2F17BA13E733D522713F64F2850C50F6EEF6E4CE1F592221
I,Lu,0.059339720755815506,9,0.33028863929212093,0.9861993355385538,Tm;Er;Ho;Yb;Dy;Y;Tb,non_bridge,average-linkage on 1-|Spearman rho|,0.85,A2CFC6311C185EAA2F17BA13E733D522713F64F2850C50F6EEF6E4CE1F592221
I,MgO,0.06775461137294769,19,0.06775461137294769,0.7984614228227092,,legacy_sensitivity_only,average-linkage on 1-|Spearman rho|,0.85,A2CFC6311C185EAA2F17BA13E733D522713F64F2850C50F6EEF6E4CE1F592221
I,MnO,0.08838857710361481,32,0.08838857710361481,0.3540428203067793,,non_bridge,average-linkage on 1-|Spearman rho|,0.85,A2CFC6311C185EAA2F17BA13E733D522713F64F2850C50F6EEF6E4CE1F592221
I,Na2O,0.02476642094552517,4,0.02476642094552517,0.8280097970283596,,legacy_sensitivity_only,average-linkage on 1-|Spearman rho|,0.85,A2CFC6311C185EAA2F17BA13E733D522713F64F2850C50F6EEF6E4CE1F592221
I,Nb,0.050719115883111954,27,0.050719115883111954,0.786221968935208,,primary,average-linkage on 1-|Spearman rho|,0.85,A2CFC6311C185EAA2F17BA13E733D522713F64F2850C50F6EEF6E4CE1F592221
I,Nd,0.029412871226668358,7,0.08415908180177212,0.903593670631681,Pr;Ce;Sm;La,non_bridge,average-linkage on 1-|Spearman rho|,0.85,A2CFC6311C185EAA2F17BA13E733D522713F64F2850C50F6EEF6E4CE1F592221
I,Ni,0.021518608555197716,12,0.021518608555197716,0.7366488337921567,,non_bridge,average-linkage on 1-|Spearman rho|,0.85,A2CFC6311C185EAA2F17BA13E733D522713F64F2850C50F6EEF6E4CE1F592221
I,P2O5,0.058960460126399994,10,0.058960460126399994,0.6026409983760921,,primary,average-linkage on 1-|Spearman rho|,0.85,A2CFC6311C185EAA2F17BA13E733D522713F64F2850C50F6EEF6E4CE1F592221
I,Pr,0.0688035637140274,6,0.11759800463914871,0.9384349416344018,La;Nd;Ce,non_bridge,average-linkage on 1-|Spearman rho|,0.85,A2CFC6311C185EAA2F17BA13E733D522713F64F2850C50F6EEF6E4CE1F592221
I,Rb,0.29052451252937317,25,0.29052451252937317,0.7918800761794244,,primary,average-linkage on 1-|Spearman rho|,0.85,A2CFC6311C185EAA2F17BA13E733D522713F64F2850C50F6EEF6E4CE1F592221
I,Rb/Sr,0.026675812900066376,22,0.07173087075352669,0.9307884950782509,Sr,non_bridge,average-linkage on 1-|Spearman rho|,0.85,A2CFC6311C185EAA2F17BA13E733D522713F64F2850C50F6EEF6E4CE1F592221
I,SiO2,0.04729791358113289,17,0.04729791358113289,0.7730633783135125,,non_bridge,average-linkage on 1-|Spearman rho|,0.85,A2CFC6311C185EAA2F17BA13E733D522713F64F2850C50F6EEF6E4CE1F592221
I,Sm,0.05474621057510376,7,0.08415908180177212,0.8959365215671723,Nd;Gd,non_bridge,average-linkage on 1-|Spearman rho|,0.85,A2CFC6311C185EAA2F17BA13E733D522713F64F2850C50F6EEF6E4CE1F592221
I,Sr,0.04505505785346031,22,0.07173087075352669,0.9307884950782509,Rb/Sr,non_bridge,average-linkage on 1-|Spearman rho|,0.85,A2CFC6311C185EAA2F17BA13E733D522713F64F2850C50F6EEF6E4CE1F592221
I,Ta,0.1711111068725586,26,0.1711111068725586,0.7918800761794244,,non_bridge,average-linkage on 1-|Spearman rho|,0.85,A2CFC6311C185EAA2F17BA13E733D522713F64F2850C50F6EEF6E4CE1F592221
I,Tb,0.010231787338852882,9,0.33028863929212093,0.9745347665745204,Dy;Ho;Gd;Er;Tm;Y;Lu,non_bridge,average-linkage on 1-|Spearman rho|,0.85,A2CFC6311C185EAA2F17BA13E733D522713F64F2850C50F6EEF6E4CE1F592221
I,TiO2,0.020972076803445816,24,0.020972076803445816,0.8043095519014742,,non_bridge,average-linkage on 1-|Spearman rho|,0.85,A2CFC6311C185EAA2F17BA13E733D522713F64F2850C50F6EEF6E4CE1F592221
I,Tm,0.042331114411354065,9,0.33028863929212093,0.9861993355385538,Lu;Er;Ho;Dy;Yb;Y;Tb,non_bridge,average-linkage on 1-|Spearman rho|,0.85,A2CFC6311C185EAA2F17BA13E733D522713F64F2850C50F6EEF6E4CE1F592221
I,Y,0.09084627032279968,9,0.33028863929212093,0.9450304856775112,Er;Ho;Dy;Tm;Yb;Lu;Tb,non_bridge,average-linkage on 1-|Spearman rho|,0.85,A2CFC6311C185EAA2F17BA13E733D522713F64F2850C50F6EEF6E4CE1F592221
I,Yb,0.026895904913544655,9,0.33028863929212093,0.9454431188026502,Lu;Tm;Er;Y;Ho;Dy,non_bridge,average-linkage on 1-|Spearman rho|,0.85,A2CFC6311C185EAA2F17BA13E733D522713F64F2850C50F6EEF6E4CE1F592221
I,Zr,0.046803925186395645,13,0.046803925186395645,0.7061456110940506,,primary,average-linkage on 1-|Spearman rho|,0.85,A2CFC6311C185EAA2F17BA13E733D522713F64F2850C50F6EEF6E4CE1F592221
I,Zr/Hf,0.043677594512701035,14,0.043677594512701035,0.7261917532324901,,non_bridge,average-linkage on 1-|Spearman rho|,0.85,A2CFC6311C185EAA2F17BA13E733D522713F64F2850C50F6EEF6E4CE1F592221
S,(La/Yb)N,0.012927924282848835,28,0.012927924282848835,0.6736782731813011,,non_bridge,average-linkage on 1-|Spearman rho|,0.85,A2CFC6311C185EAA2F17BA13E733D522713F64F2850C50F6EEF6E4CE1F592221
S,A/CNK,0.16642184555530548,5,0.16642184555530548,0.5026317346868255,,non_bridge,average-linkage on 1-|Spearman rho|,0.85,A2CFC6311C185EAA2F17BA13E733D522713F64F2850C50F6EEF6E4CE1F592221
S,A/NK,0.04354776814579964,1,0.04354776814579964,0.5824840045745857,,non_bridge,average-linkage on 1-|Spearman rho|,0.85,A2CFC6311C185EAA2F17BA13E733D522713F64F2850C50F6EEF6E4CE1F592221
S,Al2O3,0.03281603008508682,16,0.03281603008508682,0.7059987655215405,,non_bridge,average-linkage on 1-|Spearman rho|,0.85,A2CFC6311C185EAA2F17BA13E733D522713F64F2850C50F6EEF6E4CE1F592221
S,Ba,0.16115392744541168,23,0.16115392744541168,0.8140660040402529,,primary,average-linkage on 1-|Spearman rho|,0.85,A2CFC6311C185EAA2F17BA13E733D522713F64F2850C50F6EEF6E4CE1F592221
S,CaO,0.02434595301747322,29,0.02434595301747322,0.638796423900073,,primary,average-linkage on 1-|Spearman rho|,0.85,A2CFC6311C185EAA2F17BA13E733D522713F64F2850C50F6EEF6E4CE1F592221
S,Ce,0.0358731709420681,6,0.1354130720719695,0.9250681933557932,La;Pr;Nd,non_bridge,average-linkage on 1-|Spearman rho|,0.85,A2CFC6311C185EAA2F17BA13E733D522713F64F2850C50F6EEF6E4CE1F592221
S,Cr,0.04802032187581062,11,0.04802032187581062,0.7366488337921567,,non_bridge,average-linkage on 1-|Spearman rho|,0.85,A2CFC6311C185EAA2F17BA13E733D522713F64F2850C50F6EEF6E4CE1F592221
S,Dy,0.031650446355342865,9,0.4802233874797821,0.9863770606646437,Ho;Tb;Er;Tm;Lu;Y;Gd;Yb,non_bridge,average-linkage on 1-|Spearman rho|,0.85,A2CFC6311C185EAA2F17BA13E733D522713F64F2850C50F6EEF6E4CE1F592221
S,Er,0.013452373445034027,9,0.4802233874797821,0.9860259206945019,Ho;Tm;Lu;Dy;Y;Yb;Tb;Gd,non_bridge,average-linkage on 1-|Spearman rho|,0.85,A2CFC6311C185EAA2F17BA13E733D522713F64F2850C50F6EEF6E4CE1F592221
S,Eu,0.029102686792612076,20,0.029102686792612076,0.8233023202626615,,non_bridge,average-linkage on 1-|Spearman rho|,0.85,A2CFC6311C185EAA2F17BA13E733D522713F64F2850C50F6EEF6E4CE1F592221
S,Eu/Eu*,0.06449994444847107,21,0.06449994444847107,0.8171571029108518,,non_bridge,average-linkage on 1-|Spearman rho|,0.85,A2CFC6311C185EAA2F17BA13E733D522713F64F2850C50F6EEF6E4CE1F592221
S,Fe*,0.04343001917004585,18,0.04343001917004585,0.7984614228227092,,non_bridge,average-linkage on 1-|Spearman rho|,0.85,A2CFC6311C185EAA2F17BA13E733D522713F64F2850C50F6EEF6E4CE1F592221
S,Fe2O3,0.08298803120851517,30,0.08298803120851517,0.4840829044953604,,non_bridge,average-linkage on 1-|Spearman rho|,0.85,A2CFC6311C185EAA2F17BA13E733D522713F64F2850C50F6EEF6E4CE1F592221
S,FeO,0.01836770586669445,15,0.01836770586669445,0.6251985295115746,,non_bridge,average-linkage on 1-|Spearman rho|,0.85,A2CFC6311C185EAA2F17BA13E733D522713F64F2850C50F6EEF6E4CE1F592221
S,Ga,0.033200159668922424,31,0.033200159668922424,0.43057977895797994,,non_bridge,average-linkage on 1-|Spearman rho|,0.85,A2CFC6311C185EAA2F17BA13E733D522713F64F2850C50F6EEF6E4CE1F592221
S,Gd,0.014101024717092514,9,0.4802233874797821,0.9500041562724512,Tb;Dy;Sm;Ho;Er,non_bridge,average-linkage on 1-|Spearman rho|,0.85,A2CFC6311C185EAA2F17BA13E733D522713F64F2850C50F6EEF6E4CE1F592221
S,Hf,0.15382695198059082,8,0.15382695198059082,0.6588048303994991,,non_bridge,average-linkage on 1-|Spearman rho|,0.85,A2CFC6311C185EAA2F17BA13E733D522713F64F2850C50F6EEF6E4CE1F592221
S,Ho,0.02351386845111847,9,0.4802233874797821,0.9863770606646437,Dy;Er;Tm;Lu;Tb;Y;Yb;Gd,non_bridge,average-linkage on 1-|Spearman rho|,0.85,A2CFC6311C185EAA2F17BA13E733D522713F64F2850C50F6EEF6E4CE1F592221
S,K2O,0.05346676707267761,2,0.05346676707267761,0.5746798442773232,,legacy_sensitivity_only,average-linkage on 1-|Spearman rho|,0.85,A2CFC6311C185EAA2F17BA13E733D522713F64F2850C50F6EEF6E4CE1F592221
S,K2O/Na2O,0.029264552518725395,3,0.029264552518725395,0.8280097970283596,,non_bridge,average-linkage on 1-|Spearman rho|,0.85,A2CFC6311C185EAA2F17BA13E733D522713F64F2850C50F6EEF6E4CE1F592221
S,La,0.08827453851699829,6,0.1354130720719695,0.9384349416344018,Pr;Ce;Nd,non_bridge,average-linkage on 1-|Spearman rho|,0.85,A2CFC6311C185EAA2F17BA13E733D522713F64F2850C50F6EEF6E4CE1F592221
S,Lu,0.11866623163223267,9,0.4802233874797821,0.9861993355385538,Tm;Er;Ho;Yb;Dy;Y;Tb,non_bridge,average-linkage on 1-|Spearman rho|,0.85,A2CFC6311C185EAA2F17BA13E733D522713F64F2850C50F6EEF6E4CE1F592221
S,MgO,0.016032015904784203,19,0.016032015904784203,0.7984614228227092,,legacy_sensitivity_only,average-linkage on 1-|Spearman rho|,0.85,A2CFC6311C185EAA2F17BA13E733D522713F64F2850C50F6EEF6E4CE1F592221
S,MnO,0.029045766219496727,32,0.029045766219496727,0.3540428203067793,,non_bridge,average-linkage on 1-|Spearman rho|,0.85,A2CFC6311C185EAA2F17BA13E733D522713F64F2850C50F6EEF6E4CE1F592221
S,Na2O,0.018108246847987175,4,0.018108246847987175,0.8280097970283596,,legacy_sensitivity_only,average-linkage on 1-|Spearman rho|,0.85,A2CFC6311C185EAA2F17BA13E733D522713F64F2850C50F6EEF6E4CE1F592221
S,Nb,0.2183510959148407,27,0.2183510959148407,0.786221968935208,,primary,average-linkage on 1-|Spearman rho|,0.85,A2CFC6311C185EAA2F17BA13E733D522713F64F2850C50F6EEF6E4CE1F592221
S,Nd,0.010949027724564075,7,0.03375511150807142,0.903593670631681,Pr;Ce;Sm;La,non_bridge,average-linkage on 1-|Spearman rho|,0.85,A2CFC6311C185EAA2F17BA13E733D522713F64F2850C50F6EEF6E4CE1F592221
S,Ni,0.028883200138807297,12,0.028883200138807297,0.7366488337921567,,non_bridge,average-linkage on 1-|Spearman rho|,0.85,A2CFC6311C185EAA2F17BA13E733D522713F64F2850C50F6EEF6E4CE1F592221
S,P2O5,0.17545683681964874,10,0.17545683681964874,0.6026409983760921,,primary,average-linkage on 1-|Spearman rho|,0.85,A2CFC6311C185EAA2F17BA13E733D522713F64F2850C50F6EEF6E4CE1F592221
S,Pr,0.011265362612903118,6,0.1354130720719695,0.9384349416344018,La;Nd;Ce,non_bridge,average-linkage on 1-|Spearman rho|,0.85,A2CFC6311C185EAA2F17BA13E733D522713F64F2850C50F6EEF6E4CE1F592221
S,Rb,0.30860576033592224,25,0.30860576033592224,0.7918800761794244,,primary,average-linkage on 1-|Spearman rho|,0.85,A2CFC6311C185EAA2F17BA13E733D522713F64F2850C50F6EEF6E4CE1F592221
S,Rb/Sr,0.03740699216723442,22,0.053351132199168205,0.9307884950782509,Sr,non_bridge,average-linkage on 1-|Spearman rho|,0.85,A2CFC6311C185EAA2F17BA13E733D522713F64F2850C50F6EEF6E4CE1F592221
S,SiO2,0.018998872488737106,17,0.018998872488737106,0.7730633783135125,,non_bridge,average-linkage on 1-|Spearman rho|,0.85,A2CFC6311C185EAA2F17BA13E733D522713F64F2850C50F6EEF6E4CE1F592221
S,Sm,0.022806083783507347,7,0.03375511150807142,0.8959365215671723,Nd;Gd,non_bridge,average-linkage on 1-|Spearman rho|,0.85,A2CFC6311C185EAA2F17BA13E733D522713F64F2850C50F6EEF6E4CE1F592221
S,Sr,0.015944140031933784,22,0.053351132199168205,0.9307884950782509,Rb/Sr,non_bridge,average-linkage on 1-|Spearman rho|,0.85,A2CFC6311C185EAA2F17BA13E733D522713F64F2850C50F6EEF6E4CE1F592221
S,Ta,0.0390641875565052,26,0.0390641875565052,0.7918800761794244,,non_bridge,average-linkage on 1-|Spearman rho|,0.85,A2CFC6311C185EAA2F17BA13E733D522713F64F2850C50F6EEF6E4CE1F592221
S,Tb,0.01901961676776409,9,0.4802233874797821,0.9745347665745204,Dy;Ho;Gd;Er;Tm;Y;Lu,non_bridge,average-linkage on 1-|Spearman rho|,0.85,A2CFC6311C185EAA2F17BA13E733D522713F64F2850C50F6EEF6E4CE1F592221
S,TiO2,0.018037870526313782,24,0.018037870526313782,0.8043095519014742,,non_bridge,average-linkage on 1-|Spearman rho|,0.85,A2CFC6311C185EAA2F17BA13E733D522713F64F2850C50F6EEF6E4CE1F592221
S,Tm,0.038444872945547104,9,0.4802233874797821,0.9861993355385538,Lu;Er;Ho;Dy;Yb;Y;Tb,non_bridge,average-linkage on 1-|Spearman rho|,0.85,A2CFC6311C185EAA2F17BA13E733D522713F64F2850C50F6EEF6E4CE1F592221
S,Y,0.0196636114269495,9,0.4802233874797821,0.9450304856775112,Er;Ho;Dy;Tm;Yb;Lu;Tb,non_bridge,average-linkage on 1-|Spearman rho|,0.85,A2CFC6311C185EAA2F17BA13E733D522713F64F2850C50F6EEF6E4CE1F592221
S,Yb,0.20171134173870087,9,0.4802233874797821,0.9454431188026502,Lu;Tm;Er;Y;Ho;Dy,non_bridge,average-linkage on 1-|Spearman rho|,0.85,A2CFC6311C185EAA2F17BA13E733D522713F64F2850C50F6EEF6E4CE1F592221
S,Zr,0.11681324988603592,13,0.11681324988603592,0.7061456110940506,,primary,average-linkage on 1-|Spearman rho|,0.85,A2CFC6311C185EAA2F17BA13E733D522713F64F2850C50F6EEF6E4CE1F592221
S,Zr/Hf,0.014093589968979359,14,0.014093589968979359,0.7261917532324901,,non_bridge,average-linkage on 1-|Spearman rho|,0.85,A2CFC6311C185EAA2F17BA13E733D522713F64F2850C50F6EEF6E4CE1F592221
